{"stats":{"minecraft:custom":{"minecraft:mob_kills":53,"minecraft:interact_with_crafting_table":63,"minecraft:leave_game":14,"minecraft:time_since_death":317006,"minecraft:climb_one_cm":13920,"minecraft:sprint_one_cm":1181003,"minecraft:walk_one_cm":646385,"minecraft:drop":102,"minecraft:talked_to_villager":11,"minecraft:play_time":317006,"minecraft:sneak_time":8876,"minecraft:walk_under_water_one_cm":94474,"minecraft:boat_one_cm":163877,"minecraft:jump":4164,"minecraft:interact_with_blast_furnace":7,"minecraft:walk_on_water_one_cm":262580,"minecraft:total_world_time":317006,"minecraft:interact_with_furnace":65,"minecraft:sleep_in_bed":21,"minecraft:time_since_rest":11375,"minecraft:damage_taken":2471,"minecraft:damage_dealt":3770,"minecraft:swim_one_cm":90929,"minecraft:fly_one_cm":385381,"minecraft:open_chest":50,"minecraft:crouch_one_cm":15628,"minecraft:interact_with_smoker":18,"minecraft:fall_one_cm":72718},"minecraft:crafted":{"minecraft:oak_planks":8,"minecraft:cooked_chicken":4,"minecraft:furnace":3,"minecraft:cooked_mutton":10,"minecraft:flint_and_steel":1,"minecraft:iron_boots":1,"minecraft:iron_axe":1,"minecraft:stone_pickaxe":2,"minecraft:chest":2,"minecraft:dark_oak_planks":16,"minecraft:cooked_rabbit":1,"minecraft:smoker":2,"minecraft:cooked_beef":10,"minecraft:red_dye":2,"minecraft:cooked_porkchop":18,"minecraft:crafting_table":2,"minecraft:spruce_planks":28,"minecraft:jungle_boat":1,"minecraft:iron_helmet":1,"minecraft:wooden_pickaxe":1,"minecraft:baked_potato":4,"minecraft:iron_sword":1,"minecraft:red_bed":1,"minecraft:cooked_salmon":10,"minecraft:bucket":4,"minecraft:jungle_planks":16,"minecraft:iron_chestplate":1,"minecraft:shield":1,"minecraft:stick":33,"minecraft:iron_ingot":76,"minecraft:iron_pickaxe":3,"minecraft:stone_sword":1,"minecraft:iron_leggings":2,"minecraft:gold_ingot":5,"minecraft:white_bed":1,"minecraft:torch":44,"minecraft:shears":1,"minecraft:jungle_sign":3},"minecraft:dropped":{"minecraft:wheat_seeds":3,"minecraft:oak_log":21,"minecraft:crafting_table":1,"minecraft:feather":2,"minecraft:cobblestone":58,"minecraft:apple":1,"minecraft:granite":4,"minecraft:jungle_planks":1,"minecraft:flint":2,"minecraft:stick":13,"minecraft:emerald":4,"minecraft:dirt":58,"minecraft:gray_wool":2,"minecraft:diorite":8,"minecraft:crimson_roots":1,"minecraft:brown_wool":1,"minecraft:map":2,"minecraft:iron_leggings":1,"minecraft:gold_nugget":18,"minecraft:bone_meal":1,"minecraft:sand":10,"minecraft:red_dye":1,"minecraft:paper":6,"minecraft:string":1,"minecraft:lily_pad":1,"minecraft:white_wool":3,"minecraft:stone_brick_slab":2,"minecraft:bone":2,"minecraft:gravel":11,"minecraft:furnace":1,"minecraft:moss_carpet":4,"minecraft:kelp":1,"minecraft:iron_nugget":3,"minecraft:coarse_dirt":1,"minecraft:stone_sword":1,"minecraft:rotten_flesh":4,"minecraft:clay_ball":16,"minecraft:oak_planks":2,"minecraft:iron_boots":1,"minecraft:mossy_stone_brick_slab":1,"minecraft:big_dripleaf":2,"minecraft:spruce_planks":24,"minecraft:andesite":1,"minecraft:jungle_log":33,"minecraft:oak_sapling":17,"minecraft:spider_eye":1,"minecraft:bamboo":162,"minecraft:spruce_log":2,"minecraft:arrow":1,"minecraft:stone_pickaxe":1,"minecraft:wooden_pickaxe":1,"minecraft:crying_obsidian":1},"minecraft:broken":{"minecraft:golden_sword":1,"minecraft:iron_pickaxe":1},"minecraft:killed":{"minecraft:spider":1,"minecraft:skeleton":2,"minecraft:chicken":4,"minecraft:tropical_fish":2,"minecraft:pig":9,"minecraft:salmon":19,"minecraft:sheep":8,"minecraft:zombie":2,"minecraft:cow":6},"minecraft:mined":{"minecraft:tube_coral":1,"minecraft:white_bed":11,"minecraft:mossy_cobblestone":4,"minecraft:jungle_leaves":2,"minecraft:dark_oak_log":4,"minecraft:brewing_stand":1,"minecraft:cave_vines_plant":7,"minecraft:granite":4,"minecraft:grass_block":54,"minecraft:jungle_log":2,"minecraft:spruce_leaves":1,"minecraft:moss_block":21,"minecraft:kelp":1,"minecraft:horn_coral_wall_fan":1,"minecraft:large_fern":1,"minecraft:tall_seagrass":3,"minecraft:spore_blossom":1,"minecraft:furnace":10,"minecraft:iron_ore":38,"minecraft:fire":3,"minecraft:andesite":1,"minecraft:bookshelf":8,"minecraft:cave_vines":7,"minecraft:vine":6,"minecraft:brain_coral_wall_fan":1,"minecraft:bamboo":22,"minecraft:stone":193,"minecraft:brain_coral":1,"minecraft:podzol":3,"minecraft:flowering_azalea":15,"minecraft:red_bed":15,"minecraft:smoker":4,"minecraft:dandelion":1,"minecraft:clay":5,"minecraft:fire_coral":1,"minecraft:crafting_table":20,"minecraft:short_grass":30,"minecraft:emerald_ore":1,"minecraft:melon":2,"minecraft:chest":3,"minecraft:rose_bush":1,"minecraft:tall_grass":1,"minecraft:cobblestone":11,"minecraft:tube_coral_fan":1,"minecraft:lapis_ore":4,"minecraft:lily_pad":1,"minecraft:diorite":8,"minecraft:big_dripleaf":1,"minecraft:seagrass":3,"minecraft:cactus":3,"minecraft:coarse_dirt":1,"minecraft:sea_pickle":1,"minecraft:spruce_log":9,"minecraft:birch_leaves":2,"minecraft:oak_log":6,"minecraft:coal_ore":158,"minecraft:gravel":13,"minecraft:dirt":49,"minecraft:sand":10,"minecraft:gold_ore":3,"minecraft:oak_leaves":32,"minecraft:fern":3},"minecraft:picked_up":{"minecraft:crafting_table":21,"minecraft:coarse_dirt":1,"minecraft:chicken":4,"minecraft:clay_ball":32,"minecraft:brewing_stand":1,"minecraft:string":1,"minecraft:red_bed":15,"minecraft:moss_carpet":4,"minecraft:sea_pickle":1,"minecraft:gold_nugget":12,"minecraft:spruce_planks":39,"minecraft:beef":10,"minecraft:rose_bush":1,"minecraft:jungle_sapling":10,"minecraft:lectern":1,"minecraft:melon_slice":10,"minecraft:chest":3,"minecraft:furnace":10,"minecraft:stick":15,"minecraft:raw_iron":56,"minecraft:big_dripleaf":4,"minecraft:torch":1,"minecraft:porkchop":18,"minecraft:diorite":8,"minecraft:arrow":1,"minecraft:cactus":7,"minecraft:rotten_flesh":4,"minecraft:tropical_fish":1,"minecraft:bookshelf":8,"minecraft:glow_berries":8,"minecraft:obsidian":11,"minecraft:mutton":10,"minecraft:white_wool":6,"minecraft:cobblestone":198,"minecraft:jungle_boat":2,"minecraft:feather":2,"minecraft:andesite":1,"minecraft:salmon":15,"minecraft:jungle_log":105,"minecraft:brown_wool":1,"minecraft:leather":7,"minecraft:smoker":4,"minecraft:flint":2,"minecraft:oak_log":27,"minecraft:lily_pad":1,"minecraft:lapis_lazuli":27,"minecraft:dirt":105,"minecraft:paper":6,"minecraft:bone":2,"minecraft:apple":1,"minecraft:kelp":1,"minecraft:wheat_seeds":4,"minecraft:raw_gold":3,"minecraft:spore_blossom":1,"minecraft:stone_pickaxe":1,"minecraft:rabbit":1,"minecraft:bamboo":237,"minecraft:moss_block":19,"minecraft:flowering_azalea":15,"minecraft:stone_brick_slab":2,"minecraft:gravel":11,"minecraft:sand":10,"minecraft:white_bed":12,"minecraft:spruce_log":9,"minecraft:crying_obsidian":1,"minecraft:dark_oak_log":4,"minecraft:mossy_stone_brick_slab":1,"minecraft:spider_eye":1,"minecraft:mossy_cobblestone":4,"minecraft:granite":4,"minecraft:bone_meal":1,"minecraft:gray_wool":2,"minecraft:emerald":1,"minecraft:oak_sapling":17,"minecraft:coal":215,"minecraft:crimson_roots":1},"minecraft:used":{"minecraft:moss_block":2,"minecraft:stone_sword":44,"minecraft:flint_and_steel":4,"minecraft:chest":5,"minecraft:iron_sword":97,"minecraft:cooked_salmon":10,"minecraft:cooked_chicken":4,"minecraft:torch":18,"minecraft:dirt":27,"minecraft:obsidian":1,"minecraft:iron_axe":12,"minecraft:golden_sword":28,"minecraft:golden_carrot":2,"minecraft:furnace":10,"minecraft:cooked_beef":6,"minecraft:cooked_mutton":10,"minecraft:water_bucket":40,"minecraft:baked_potato":4,"minecraft:stone_pickaxe":215,"minecraft:wooden_pickaxe":20,"minecraft:jungle_boat":2,"minecraft:golden_apple":1,"minecraft:salmon":4,"minecraft:mossy_cobblestone":4,"minecraft:crafting_table":21,"minecraft:red_bed":15,"minecraft:white_bed":12,"minecraft:shears":2,"minecraft:smoker":5,"minecraft:bread":13,"minecraft:melon_slice":2,"minecraft:iron_pickaxe":254,"minecraft:jungle_sign":1,"minecraft:cobblestone":51,"minecraft:cooked_porkchop":12,"minecraft:bucket":44,"minecraft:golden_pickaxe":8,"minecraft:experience_bottle":1}},"DataVersion":3953}