{"stats":{"minecraft:custom":{"minecraft:mob_kills":40,"minecraft:interact_with_crafting_table":57,"minecraft:leave_game":5,"minecraft:time_since_death":230720,"minecraft:climb_one_cm":8516,"minecraft:sprint_one_cm":761322,"minecraft:walk_one_cm":466813,"minecraft:drop":87,"minecraft:talked_to_villager":1,"minecraft:play_time":230720,"minecraft:sneak_time":8257,"minecraft:walk_under_water_one_cm":56611,"minecraft:jump":2888,"minecraft:interact_with_blast_furnace":7,"minecraft:walk_on_water_one_cm":163022,"minecraft:total_world_time":230720,"minecraft:interact_with_furnace":63,"minecraft:sleep_in_bed":13,"minecraft:time_since_rest":4805,"minecraft:damage_taken":1886,"minecraft:damage_dealt":2820,"minecraft:swim_one_cm":58398,"minecraft:fly_one_cm":249330,"minecraft:open_chest":29,"minecraft:crouch_one_cm":14653,"minecraft:interact_with_smoker":8,"minecraft:fall_one_cm":50875},"minecraft:crafted":{"minecraft:oak_planks":8,"minecraft:cooked_chicken":4,"minecraft:furnace":3,"minecraft:cooked_mutton":10,"minecraft:flint_and_steel":1,"minecraft:iron_boots":1,"minecraft:iron_axe":1,"minecraft:stone_pickaxe":2,"minecraft:chest":2,"minecraft:dark_oak_planks":16,"minecraft:smoker":1,"minecraft:cooked_beef":5,"minecraft:red_dye":2,"minecraft:cooked_porkchop":8,"minecraft:crafting_table":2,"minecraft:spruce_planks":28,"minecraft:baked_potato":4,"minecraft:wooden_pickaxe":1,"minecraft:iron_helmet":1,"minecraft:iron_sword":1,"minecraft:red_bed":1,"minecraft:cooked_salmon":9,"minecraft:bucket":4,"minecraft:jungle_planks":8,"minecraft:iron_chestplate":1,"minecraft:shield":1,"minecraft:stick":32,"minecraft:iron_ingot":76,"minecraft:iron_pickaxe":3,"minecraft:stone_sword":1,"minecraft:iron_leggings":2,"minecraft:gold_ingot":5,"minecraft:white_bed":1,"minecraft:torch":44,"minecraft:shears":1},"minecraft:dropped":{"minecraft:wheat_seeds":3,"minecraft:oak_log":21,"minecraft:feather":2,"minecraft:cobblestone":58,"minecraft:apple":1,"minecraft:granite":4,"minecraft:stick":13,"minecraft:flint":2,"minecraft:dirt":45,"minecraft:gray_wool":2,"minecraft:diorite":8,"minecraft:crimson_roots":1,"minecraft:brown_wool":1,"minecraft:iron_leggings":1,"minecraft:gold_nugget":18,"minecraft:bone_meal":1,"minecraft:red_dye":1,"minecraft:string":1,"minecraft:white_wool":3,"minecraft:stone_brick_slab":2,"minecraft:bone":2,"minecraft:gravel":11,"minecraft:furnace":1,"minecraft:moss_carpet":4,"minecraft:iron_nugget":3,"minecraft:coarse_dirt":1,"minecraft:stone_sword":1,"minecraft:rotten_flesh":4,"minecraft:clay_ball":16,"minecraft:iron_boots":1,"minecraft:oak_planks":2,"minecraft:mossy_stone_brick_slab":1,"minecraft:big_dripleaf":2,"minecraft:spruce_planks":24,"minecraft:andesite":1,"minecraft:oak_sapling":17,"minecraft:spider_eye":1,"minecraft:bamboo":94,"minecraft:spruce_log":2,"minecraft:arrow":1,"minecraft:wooden_pickaxe":1,"minecraft:stone_pickaxe":1,"minecraft:crying_obsidian":1},"minecraft:broken":{"minecraft:iron_pickaxe":1},"minecraft:killed":{"minecraft:spider":1,"minecraft:skeleton":2,"minecraft:chicken":4,"minecraft:pig":3,"minecraft:salmon":16,"minecraft:sheep":8,"minecraft:zombie":2,"minecraft:cow":4},"minecraft:mined":{"minecraft:tube_coral":1,"minecraft:white_bed":11,"minecraft:mossy_cobblestone":4,"minecraft:jungle_leaves":2,"minecraft:dark_oak_log":4,"minecraft:cave_vines_plant":7,"minecraft:granite":4,"minecraft:grass_block":42,"minecraft:jungle_log":2,"minecraft:spruce_leaves":1,"minecraft:moss_block":21,"minecraft:horn_coral_wall_fan":1,"minecraft:large_fern":1,"minecraft:spore_blossom":1,"minecraft:tall_seagrass":2,"minecraft:furnace":9,"minecraft:iron_ore":38,"minecraft:fire":3,"minecraft:andesite":1,"minecraft:cave_vines":7,"minecraft:vine":6,"minecraft:brain_coral_wall_fan":1,"minecraft:bamboo":21,"minecraft:stone":193,"minecraft:brain_coral":1,"minecraft:podzol":3,"minecraft:flowering_azalea":15,"minecraft:red_bed":7,"minecraft:smoker":2,"minecraft:fire_coral":1,"minecraft:clay":5,"minecraft:crafting_table":16,"minecraft:short_grass":14,"minecraft:emerald_ore":1,"minecraft:melon":2,"minecraft:chest":3,"minecraft:rose_bush":1,"minecraft:tall_grass":1,"minecraft:cobblestone":11,"minecraft:tube_coral_fan":1,"minecraft:lapis_ore":4,"minecraft:diorite":8,"minecraft:big_dripleaf":1,"minecraft:seagrass":3,"minecraft:cactus":3,"minecraft:coarse_dirt":1,"minecraft:sea_pickle":1,"minecraft:spruce_log":9,"minecraft:birch_leaves":2,"minecraft:oak_log":6,"minecraft:coal_ore":158,"minecraft:gravel":13,"minecraft:dirt":44,"minecraft:gold_ore":3,"minecraft:oak_leaves":19,"minecraft:fern":2},"minecraft:picked_up":{"minecraft:coarse_dirt":1,"minecraft:crafting_table":16,"minecraft:chicken":4,"minecraft:clay_ball":32,"minecraft:red_bed":7,"minecraft:string":1,"minecraft:moss_carpet":4,"minecraft:sea_pickle":1,"minecraft:gold_nugget":12,"minecraft:spruce_planks":39,"minecraft:beef":5,"minecraft:rose_bush":1,"minecraft:jungle_sapling":10,"minecraft:melon_slice":10,"minecraft:chest":3,"minecraft:furnace":9,"minecraft:stick":14,"minecraft:raw_iron":56,"minecraft:big_dripleaf":4,"minecraft:torch":1,"minecraft:porkchop":8,"minecraft:diorite":8,"minecraft:cactus":7,"minecraft:arrow":1,"minecraft:rotten_flesh":4,"minecraft:obsidian":11,"minecraft:glow_berries":8,"minecraft:mutton":10,"minecraft:cobblestone":198,"minecraft:white_wool":6,"minecraft:feather":2,"minecraft:jungle_log":105,"minecraft:andesite":1,"minecraft:salmon":13,"minecraft:brown_wool":1,"minecraft:leather":5,"minecraft:smoker":2,"minecraft:flint":2,"minecraft:oak_log":27,"minecraft:lapis_lazuli":27,"minecraft:dirt":88,"minecraft:paper":6,"minecraft:bone":2,"minecraft:apple":1,"minecraft:wheat_seeds":3,"minecraft:raw_gold":3,"minecraft:spore_blossom":1,"minecraft:stone_pickaxe":1,"minecraft:bamboo":233,"minecraft:moss_block":19,"minecraft:flowering_azalea":15,"minecraft:stone_brick_slab":2,"minecraft:gravel":11,"minecraft:white_bed":12,"minecraft:spruce_log":9,"minecraft:mossy_stone_brick_slab":1,"minecraft:crying_obsidian":1,"minecraft:dark_oak_log":4,"minecraft:spider_eye":1,"minecraft:mossy_cobblestone":4,"minecraft:granite":4,"minecraft:bone_meal":1,"minecraft:gray_wool":2,"minecraft:emerald":1,"minecraft:oak_sapling":17,"minecraft:coal":215,"minecraft:crimson_roots":1},"minecraft:used":{"minecraft:moss_block":2,"minecraft:stone_sword":44,"minecraft:flint_and_steel":4,"minecraft:chest":5,"minecraft:iron_sword":74,"minecraft:cooked_salmon":9,"minecraft:cooked_chicken":2,"minecraft:torch":18,"minecraft:dirt":24,"minecraft:obsidian":1,"minecraft:iron_axe":10,"minecraft:golden_sword":8,"minecraft:furnace":9,"minecraft:cooked_beef":5,"minecraft:cooked_mutton":10,"minecraft:water_bucket":25,"minecraft:baked_potato":4,"minecraft:stone_pickaxe":211,"minecraft:wooden_pickaxe":20,"minecraft:salmon":4,"minecraft:golden_apple":1,"minecraft:mossy_cobblestone":4,"minecraft:crafting_table":17,"minecraft:red_bed":7,"minecraft:white_bed":12,"minecraft:shears":2,"minecraft:smoker":3,"minecraft:bread":6,"minecraft:iron_pickaxe":254,"minecraft:cobblestone":50,"minecraft:cooked_porkchop":7,"minecraft:bucket":29}},"DataVersion":3953}