{"stats":{"minecraft:custom":{"minecraft:animals_bred":20,"minecraft:interact_with_crafting_table":109,"minecraft:leave_game":27,"minecraft:time_since_death":647852,"minecraft:sprint_one_cm":2139503,"minecraft:drop":191,"minecraft:talked_to_villager":46,"minecraft:play_time":647852,"minecraft:jump":6607,"minecraft:walk_on_water_one_cm":277857,"minecraft:interact_with_furnace":81,"minecraft:traded_with_villager":197,"minecraft:sleep_in_bed":36,"minecraft:damage_dealt":5983,"minecraft:crouch_one_cm":24828,"minecraft:interact_with_smoker":37,"minecraft:mob_kills":72,"minecraft:climb_one_cm":21526,"minecraft:walk_one_cm":1391977,"minecraft:sneak_time":11641,"minecraft:walk_under_water_one_cm":100776,"minecraft:boat_one_cm":163877,"minecraft:interact_with_blast_furnace":7,"minecraft:total_world_time":647852,"minecraft:time_since_rest":1817,"minecraft:damage_taken":3258,"minecraft:swim_one_cm":103314,"minecraft:fly_one_cm":755198,"minecraft:open_chest":238,"minecraft:fall_one_cm":120414},"minecraft:broken":{"minecraft:golden_sword":1,"minecraft:iron_axe":1,"minecraft:iron_pickaxe":2},"minecraft:mined":{"minecraft:spruce_planks":1,"minecraft:white_bed":12,"minecraft:jungle_leaves":5,"minecraft:brewing_stand":1,"minecraft:spruce_trapdoor":4,"minecraft:cave_vines_plant":7,"minecraft:granite":4,"minecraft:grass_block":137,"minecraft:jungle_log":5,"minecraft:composter":2,"minecraft:tall_seagrass":3,"minecraft:magma_block":30,"minecraft:iron_ore":38,"minecraft:fire":3,"minecraft:cave_vines":7,"minecraft:dirt_path":2,"minecraft:oak_stairs":1,"minecraft:red_bed":29,"minecraft:smoker":5,"minecraft:clay":5,"minecraft:torch":5,"minecraft:blast_furnace":2,"minecraft:melon":2,"minecraft:chest":18,"minecraft:cobblestone":22,"minecraft:tube_coral_fan":1,"minecraft:sugar_cane":46,"minecraft:wall_torch":2,"minecraft:seagrass":6,"minecraft:wheat":57,"minecraft:oak_log":6,"minecraft:sand":10,"minecraft:dirt":67,"minecraft:netherrack":356,"minecraft:oak_leaves":35,"minecraft:tube_coral":1,"minecraft:mossy_cobblestone":4,"minecraft:dark_oak_log":4,"minecraft:jungle_planks":2,"minecraft:spruce_leaves":1,"minecraft:moss_block":21,"minecraft:kelp":1,"minecraft:horn_coral_wall_fan":1,"minecraft:large_fern":1,"minecraft:hay_block":1,"minecraft:spore_blossom":1,"minecraft:spruce_sapling":1,"minecraft:furnace":11,"minecraft:carrots":65,"minecraft:andesite":1,"minecraft:bookshelf":10,"minecraft:potatoes":56,"minecraft:vine":20,"minecraft:brain_coral_wall_fan":1,"minecraft:bamboo":22,"minecraft:stone":219,"minecraft:brain_coral":1,"minecraft:podzol":3,"minecraft:flowering_azalea":15,"minecraft:dandelion":2,"minecraft:fire_coral":1,"minecraft:crafting_table":20,"minecraft:short_grass":68,"minecraft:emerald_ore":1,"minecraft:rose_bush":1,"minecraft:lectern":3,"minecraft:tall_grass":1,"minecraft:lapis_ore":4,"minecraft:lily_pad":1,"minecraft:diorite":8,"minecraft:big_dripleaf":1,"minecraft:cactus":3,"minecraft:coarse_dirt":1,"minecraft:sea_pickle":1,"minecraft:spruce_log":13,"minecraft:birch_leaves":2,"minecraft:jungle_fence":8,"minecraft:coal_ore":158,"minecraft:gravel":13,"minecraft:gold_ore":3,"minecraft:fern":4},"minecraft:crafted":{"minecraft:oak_planks":132,"minecraft:smooth_stone":9,"minecraft:jungle_fence_gate":3,"minecraft:cooked_chicken":4,"minecraft:horn_coral_block":8,"minecraft:stone":9,"minecraft:bookshelf":1,"minecraft:cooked_mutton":13,"minecraft:diamond_helmet":1,"minecraft:bow":1,"minecraft:diamond_leggings":1,"minecraft:iron_boots":1,"minecraft:chest":14,"minecraft:cooked_rabbit":1,"minecraft:smoker":2,"minecraft:oak_slab":6,"minecraft:emerald":174,"minecraft:arrow":16,"minecraft:cooked_porkchop":18,"minecraft:crafting_table":2,"minecraft:spruce_planks":2620,"minecraft:jungle_boat":1,"minecraft:iron_helmet":1,"minecraft:wooden_pickaxe":1,"minecraft:baked_potato":105,"minecraft:fire_coral_block":8,"minecraft:lectern":7,"minecraft:iron_chestplate":1,"minecraft:book":3,"minecraft:paper":3,"minecraft:shield":1,"minecraft:stick":5505,"minecraft:iron_ingot":81,"minecraft:iron_pickaxe":3,"minecraft:stone_sword":1,"minecraft:gold_ingot":5,"minecraft:shears":1,"minecraft:jungle_sign":3,"minecraft:rabbit_stew":1,"minecraft:furnace":6,"minecraft:blast_furnace":3,"minecraft:jungle_trapdoor":4,"minecraft:flint_and_steel":1,"minecraft:iron_axe":4,"minecraft:ladder":3,"minecraft:iron_hoe":1,"minecraft:stone_pickaxe":2,"minecraft:diamond_boots":1,"minecraft:jungle_fence":48,"minecraft:dark_oak_planks":16,"minecraft:wheat":9,"minecraft:cooked_beef":13,"minecraft:red_dye":2,"minecraft:iron_sword":1,"minecraft:red_bed":1,"minecraft:cooked_salmon":10,"minecraft:bucket":4,"minecraft:jungle_slab":24,"minecraft:jungle_planks":192,"minecraft:iron_shovel":1,"minecraft:iron_leggings":2,"minecraft:white_bed":1,"minecraft:torch":44,"minecraft:diamond_chestplate":1},"minecraft:picked_up":{"minecraft:iron_chestplate":1,"minecraft:wheat":49,"minecraft:lead":2,"minecraft:oak_stairs":1,"minecraft:brewing_stand":1,"minecraft:string":1,"minecraft:iron_leggings":1,"minecraft:sea_pickle":1,"minecraft:gold_nugget":12,"minecraft:spruce_planks":54,"minecraft:rose_bush":1,"minecraft:melon_slice":10,"minecraft:furnace":11,"minecraft:stick":69,"minecraft:composter":2,"minecraft:big_dripleaf":4,"minecraft:torch":8,"minecraft:porkchop":18,"minecraft:diorite":8,"minecraft:cactus":7,"minecraft:rotten_flesh":7,"minecraft:tropical_fish":1,"minecraft:bookshelf":8,"minecraft:obsidian":11,"minecraft:cobblestone":227,"minecraft:magma_block":30,"minecraft:leather_chestplate":1,"minecraft:feather":2,"minecraft:andesite":1,"minecraft:jungle_log":196,"minecraft:brown_wool":1,"minecraft:smoker":5,"minecraft:potato":167,"minecraft:flint":2,"minecraft:lapis_lazuli":27,"minecraft:dirt":218,"minecraft:bone":2,"minecraft:wheat_seeds":159,"minecraft:raw_gold":3,"minecraft:rabbit":1,"minecraft:bamboo":237,"minecraft:moss_block":19,"minecraft:jungle_planks":2,"minecraft:sand":10,"minecraft:ink_sac":3,"minecraft:dark_oak_log":4,"minecraft:mossy_cobblestone":4,"minecraft:granite":4,"minecraft:bone_meal":1,"minecraft:emerald":1,"minecraft:bread":10,"minecraft:oak_sapling":33,"minecraft:netherrack":350,"minecraft:crimson_roots":1,"minecraft:cocoa_beans":21,"minecraft:coarse_dirt":1,"minecraft:crafting_table":21,"minecraft:chicken":4,"minecraft:clay_ball":32,"minecraft:leather_leggings":1,"minecraft:red_bed":30,"minecraft:moss_carpet":4,"minecraft:iron_axe":3,"minecraft:beef":13,"minecraft:jungle_sapling":23,"minecraft:lectern":6,"minecraft:poppy":1,"minecraft:sugar_cane":59,"minecraft:chest":18,"minecraft:spruce_trapdoor":4,"minecraft:raw_iron":56,"minecraft:carrot":201,"minecraft:brown_dye":2,"minecraft:arrow":1,"minecraft:hay_block":1,"minecraft:glow_berries":8,"minecraft:mutton":13,"minecraft:white_wool":6,"minecraft:jungle_boat":2,"minecraft:salmon":23,"minecraft:leather":10,"minecraft:jungle_fence":8,"minecraft:oak_log":58,"minecraft:lily_pad":1,"minecraft:paper":6,"minecraft:apple":8,"minecraft:kelp":1,"minecraft:spore_blossom":1,"minecraft:stone_pickaxe":1,"minecraft:flowering_azalea":15,"minecraft:book":6,"minecraft:stone_brick_slab":2,"minecraft:dandelion":2,"minecraft:gravel":11,"minecraft:blast_furnace":2,"minecraft:spruce_sapling":79,"minecraft:white_bed":13,"minecraft:spruce_log":661,"minecraft:crying_obsidian":1,"minecraft:mossy_stone_brick_slab":1,"minecraft:spider_eye":1,"minecraft:iron_helmet":1,"minecraft:gray_wool":2,"minecraft:black_wool":2,"minecraft:coal":277},"minecraft:used":{"minecraft:moss_block":2,"minecraft:iron_shovel":67,"minecraft:poppy":1,"minecraft:chest":32,"minecraft:iron_sword":210,"minecraft:jungle_planks":2,"minecraft:carrot":79,"minecraft:obsidian":1,"minecraft:jungle_fence_gate":3,"minecraft:rabbit_stew":1,"minecraft:golden_sword":28,"minecraft:furnace":11,"minecraft:potato":85,"minecraft:leather_leggings":1,"minecraft:stone_pickaxe":226,"minecraft:jungle_fence":43,"minecraft:wooden_pickaxe":20,"minecraft:composter":1,"minecraft:sugar_cane":45,"minecraft:jungle_boat":2,"minecraft:golden_apple":1,"minecraft:blast_furnace":2,"minecraft:shears":2,"minecraft:melon_slice":2,"minecraft:bread":14,"minecraft:lectern":2,"minecraft:jungle_sign":1,"minecraft:golden_pickaxe":9,"minecraft:experience_bottle":1,"minecraft:stone_sword":44,"minecraft:flint_and_steel":4,"minecraft:spruce_planks":5,"minecraft:cooked_salmon":10,"minecraft:cooked_chicken":4,"minecraft:torch":45,"minecraft:dirt":137,"minecraft:jungle_trapdoor":3,"minecraft:iron_hoe":241,"minecraft:bookshelf":2,"minecraft:iron_axe":59,"minecraft:jungle_log":47,"minecraft:bamboo":27,"minecraft:golden_carrot":2,"minecraft:cooked_beef":13,"minecraft:iron_leggings":1,"minecraft:wheat_seeds":72,"minecraft:cooked_mutton":13,"minecraft:water_bucket":66,"minecraft:baked_potato":22,"minecraft:salmon":4,"minecraft:mossy_cobblestone":4,"minecraft:crafting_table":22,"minecraft:red_bed":30,"minecraft:white_bed":12,"minecraft:spruce_log":4,"minecraft:smoker":6,"minecraft:iron_pickaxe":689,"minecraft:spruce_trapdoor":2,"minecraft:spruce_sapling":45,"minecraft:cobblestone":100,"minecraft:cooked_porkchop":18,"minecraft:bucket":70,"minecraft:dandelion":2},"minecraft:killed":{"minecraft:spider":1,"minecraft:skeleton":2,"minecraft:chicken":4,"minecraft:tropical_fish":2,"minecraft:pig":9,"minecraft:zombie_villager":1,"minecraft:salmon":27,"minecraft:sheep":10,"minecraft:trader_llama":2,"minecraft:zombie":4,"minecraft:cow":7,"minecraft:wandering_trader":1,"minecraft:squid":1,"minecraft:villager":1},"minecraft:dropped":{"minecraft:oak_log":21,"minecraft:baked_potato":17,"minecraft:crafting_table":1,"minecraft:jungle_planks":1,"minecraft:flint":2,"minecraft:emerald":4,"minecraft:dirt":59,"minecraft:red_bed":1,"minecraft:crimson_roots":1,"minecraft:gold_nugget":18,"minecraft:bone_meal":1,"minecraft:sand":10,"minecraft:iron_pickaxe":1,"minecraft:white_wool":3,"minecraft:bone":2,"minecraft:gravel":11,"minecraft:iron_nugget":3,"minecraft:rotten_flesh":7,"minecraft:oak_planks":2,"minecraft:mossy_stone_brick_slab":1,"minecraft:carrot":31,"minecraft:leather_chestplate":1,"minecraft:jungle_log":97,"minecraft:leather_leggings":1,"minecraft:arrow":1,"minecraft:crying_obsidian":1,"minecraft:lectern":9,"minecraft:bread":31,"minecraft:wheat_seeds":5,"minecraft:iron_helmet":2,"minecraft:feather":2,"minecraft:cobblestone":58,"minecraft:book":6,"minecraft:apple":2,"minecraft:granite":4,"minecraft:tropical_fish":1,"minecraft:stick":13,"minecraft:gray_wool":2,"minecraft:diorite":8,"minecraft:brown_wool":1,"minecraft:map":2,"minecraft:iron_leggings":3,"minecraft:oak_stairs":1,"minecraft:iron_axe":6,"minecraft:red_dye":1,"minecraft:paper":6,"minecraft:string":1,"minecraft:lily_pad":1,"minecraft:stone_brick_slab":2,"minecraft:furnace":1,"minecraft:moss_carpet":4,"minecraft:kelp":1,"minecraft:brown_dye":1,"minecraft:coarse_dirt":1,"minecraft:stone_sword":1,"minecraft:clay_ball":16,"minecraft:iron_boots":1,"minecraft:blast_furnace":1,"minecraft:big_dripleaf":2,"minecraft:potato":6,"minecraft:spruce_planks":38,"minecraft:iron_chestplate":2,"minecraft:andesite":1,"minecraft:oak_sapling":21,"minecraft:spider_eye":1,"minecraft:bamboo":197,"minecraft:spruce_log":2,"minecraft:stone_pickaxe":2,"minecraft:wooden_pickaxe":1,"minecraft:black_wool":2}},"DataVersion":3953}