{"stats":{"minecraft:custom":{"minecraft:mob_kills":57,"minecraft:animals_bred":7,"minecraft:interact_with_crafting_table":85,"minecraft:leave_game":20,"minecraft:time_since_death":444659,"minecraft:climb_one_cm":16268,"minecraft:sprint_one_cm":1686995,"minecraft:walk_one_cm":1018840,"minecraft:drop":145,"minecraft:talked_to_villager":20,"minecraft:play_time":444659,"minecraft:sneak_time":10381,"minecraft:walk_under_water_one_cm":94698,"minecraft:boat_one_cm":163877,"minecraft:jump":5368,"minecraft:interact_with_blast_furnace":7,"minecraft:walk_on_water_one_cm":270067,"minecraft:total_world_time":444659,"minecraft:interact_with_furnace":68,"minecraft:traded_with_villager":1,"minecraft:sleep_in_bed":27,"minecraft:time_since_rest":12301,"minecraft:damage_taken":2952,"minecraft:damage_dealt":4239,"minecraft:swim_one_cm":95068,"minecraft:fly_one_cm":590476,"minecraft:open_chest":129,"minecraft:crouch_one_cm":21787,"minecraft:interact_with_smoker":24,"minecraft:fall_one_cm":96040},"minecraft:crafted":{"minecraft:oak_planks":60,"minecraft:jungle_fence_gate":3,"minecraft:rabbit_stew":1,"minecraft:cooked_chicken":4,"minecraft:furnace":3,"minecraft:jungle_trapdoor":4,"minecraft:bookshelf":1,"minecraft:cooked_mutton":13,"minecraft:flint_and_steel":1,"minecraft:iron_boots":1,"minecraft:iron_axe":2,"minecraft:iron_hoe":1,"minecraft:stone_pickaxe":2,"minecraft:chest":11,"minecraft:jungle_fence":48,"minecraft:dark_oak_planks":16,"minecraft:cooked_rabbit":1,"minecraft:smoker":2,"minecraft:wheat":9,"minecraft:cooked_beef":13,"minecraft:red_dye":2,"minecraft:oak_slab":6,"minecraft:cooked_porkchop":18,"minecraft:crafting_table":2,"minecraft:spruce_planks":28,"minecraft:jungle_boat":1,"minecraft:iron_helmet":1,"minecraft:wooden_pickaxe":1,"minecraft:baked_potato":4,"minecraft:iron_sword":1,"minecraft:red_bed":1,"minecraft:cooked_salmon":10,"minecraft:bucket":4,"minecraft:jungle_slab":24,"minecraft:jungle_planks":184,"minecraft:lectern":7,"minecraft:book":2,"minecraft:iron_chestplate":1,"minecraft:shield":1,"minecraft:stick":73,"minecraft:iron_ingot":81,"minecraft:iron_pickaxe":3,"minecraft:stone_sword":1,"minecraft:iron_shovel":1,"minecraft:iron_leggings":2,"minecraft:gold_ingot":5,"minecraft:white_bed":1,"minecraft:torch":44,"minecraft:shears":1,"minecraft:jungle_sign":3},"minecraft:killed":{"minecraft:spider":1,"minecraft:skeleton":2,"minecraft:chicken":4,"minecraft:tropical_fish":2,"minecraft:pig":9,"minecraft:salmon":19,"minecraft:squid":1,"minecraft:sheep":10,"minecraft:zombie":2,"minecraft:cow":7},"minecraft:broken":{"minecraft:golden_sword":1,"minecraft:iron_axe":1,"minecraft:iron_pickaxe":1},"minecraft:picked_up":{"minecraft:cocoa_beans":21,"minecraft:crafting_table":21,"minecraft:coarse_dirt":1,"minecraft:wheat":9,"minecraft:chicken":4,"minecraft:clay_ball":32,"minecraft:oak_stairs":1,"minecraft:brewing_stand":1,"minecraft:string":1,"minecraft:red_bed":25,"minecraft:moss_carpet":4,"minecraft:sea_pickle":1,"minecraft:gold_nugget":12,"minecraft:spruce_planks":39,"minecraft:beef":13,"minecraft:rose_bush":1,"minecraft:jungle_sapling":23,"minecraft:lectern":1,"minecraft:melon_slice":10,"minecraft:sugar_cane":6,"minecraft:chest":14,"minecraft:furnace":11,"minecraft:stick":36,"minecraft:raw_iron":56,"minecraft:big_dripleaf":4,"minecraft:torch":2,"minecraft:porkchop":18,"minecraft:diorite":8,"minecraft:carrot":44,"minecraft:brown_dye":1,"minecraft:cactus":7,"minecraft:arrow":1,"minecraft:rotten_flesh":4,"minecraft:tropical_fish":1,"minecraft:hay_block":1,"minecraft:bookshelf":8,"minecraft:glow_berries":8,"minecraft:obsidian":11,"minecraft:mutton":13,"minecraft:white_wool":6,"minecraft:cobblestone":200,"minecraft:jungle_boat":2,"minecraft:feather":2,"minecraft:andesite":1,"minecraft:salmon":15,"minecraft:jungle_log":196,"minecraft:brown_wool":1,"minecraft:leather":9,"minecraft:jungle_fence":8,"minecraft:smoker":5,"minecraft:potato":13,"minecraft:flint":2,"minecraft:oak_log":58,"minecraft:lily_pad":1,"minecraft:lapis_lazuli":27,"minecraft:dirt":167,"minecraft:paper":6,"minecraft:bone":2,"minecraft:apple":3,"minecraft:kelp":1,"minecraft:wheat_seeds":36,"minecraft:raw_gold":3,"minecraft:spore_blossom":1,"minecraft:stone_pickaxe":1,"minecraft:rabbit":1,"minecraft:bamboo":237,"minecraft:moss_block":19,"minecraft:flowering_azalea":15,"minecraft:stone_brick_slab":2,"minecraft:gravel":11,"minecraft:sand":10,"minecraft:jungle_planks":2,"minecraft:ink_sac":3,"minecraft:white_bed":13,"minecraft:spruce_log":9,"minecraft:crying_obsidian":1,"minecraft:dark_oak_log":4,"minecraft:mossy_stone_brick_slab":1,"minecraft:spider_eye":1,"minecraft:mossy_cobblestone":4,"minecraft:granite":4,"minecraft:bone_meal":1,"minecraft:gray_wool":2,"minecraft:bread":10,"minecraft:emerald":1,"minecraft:oak_sapling":33,"minecraft:black_wool":2,"minecraft:coal":277,"minecraft:crimson_roots":1},"minecraft:dropped":{"minecraft:bread":31,"minecraft:wheat_seeds":4,"minecraft:oak_log":21,"minecraft:crafting_table":1,"minecraft:feather":2,"minecraft:cobblestone":58,"minecraft:apple":2,"minecraft:granite":4,"minecraft:jungle_planks":1,"minecraft:tropical_fish":1,"minecraft:emerald":4,"minecraft:stick":13,"minecraft:flint":2,"minecraft:dirt":59,"minecraft:gray_wool":2,"minecraft:diorite":8,"minecraft:crimson_roots":1,"minecraft:brown_wool":1,"minecraft:map":2,"minecraft:iron_leggings":1,"minecraft:oak_stairs":1,"minecraft:gold_nugget":18,"minecraft:bone_meal":1,"minecraft:sand":10,"minecraft:red_dye":1,"minecraft:paper":6,"minecraft:string":1,"minecraft:lily_pad":1,"minecraft:white_wool":3,"minecraft:stone_brick_slab":2,"minecraft:bone":2,"minecraft:gravel":11,"minecraft:furnace":1,"minecraft:moss_carpet":4,"minecraft:kelp":1,"minecraft:iron_nugget":3,"minecraft:coarse_dirt":1,"minecraft:stone_sword":1,"minecraft:rotten_flesh":4,"minecraft:clay_ball":16,"minecraft:oak_planks":2,"minecraft:iron_boots":1,"minecraft:mossy_stone_brick_slab":1,"minecraft:big_dripleaf":2,"minecraft:spruce_planks":24,"minecraft:andesite":1,"minecraft:jungle_log":97,"minecraft:oak_sapling":21,"minecraft:spider_eye":1,"minecraft:bamboo":162,"minecraft:spruce_log":2,"minecraft:arrow":1,"minecraft:stone_pickaxe":1,"minecraft:wooden_pickaxe":1,"minecraft:crying_obsidian":1,"minecraft:lectern":8,"minecraft:black_wool":2},"minecraft:mined":{"minecraft:tube_coral":1,"minecraft:white_bed":12,"minecraft:mossy_cobblestone":4,"minecraft:jungle_leaves":2,"minecraft:dark_oak_log":4,"minecraft:brewing_stand":1,"minecraft:cave_vines_plant":7,"minecraft:granite":4,"minecraft:grass_block":93,"minecraft:jungle_planks":2,"minecraft:jungle_log":5,"minecraft:spruce_leaves":1,"minecraft:kelp":1,"minecraft:moss_block":21,"minecraft:horn_coral_wall_fan":1,"minecraft:large_fern":1,"minecraft:hay_block":1,"minecraft:tall_seagrass":3,"minecraft:spore_blossom":1,"minecraft:furnace":11,"minecraft:carrots":15,"minecraft:iron_ore":38,"minecraft:fire":3,"minecraft:andesite":1,"minecraft:bookshelf":8,"minecraft:potatoes":5,"minecraft:cave_vines":7,"minecraft:dirt_path":2,"minecraft:vine":19,"minecraft:oak_stairs":1,"minecraft:brain_coral_wall_fan":1,"minecraft:bamboo":22,"minecraft:stone":193,"minecraft:brain_coral":1,"minecraft:podzol":3,"minecraft:flowering_azalea":15,"minecraft:red_bed":25,"minecraft:smoker":5,"minecraft:dandelion":1,"minecraft:clay":5,"minecraft:torch":1,"minecraft:fire_coral":1,"minecraft:crafting_table":20,"minecraft:short_grass":56,"minecraft:emerald_ore":1,"minecraft:melon":2,"minecraft:chest":14,"minecraft:rose_bush":1,"minecraft:tall_grass":1,"minecraft:cobblestone":21,"minecraft:tube_coral_fan":1,"minecraft:lapis_ore":4,"minecraft:lily_pad":1,"minecraft:sugar_cane":3,"minecraft:diorite":8,"minecraft:big_dripleaf":1,"minecraft:seagrass":4,"minecraft:cactus":3,"minecraft:coarse_dirt":1,"minecraft:sea_pickle":1,"minecraft:wheat":11,"minecraft:spruce_log":9,"minecraft:birch_leaves":2,"minecraft:jungle_fence":8,"minecraft:coal_ore":158,"minecraft:oak_log":6,"minecraft:gravel":13,"minecraft:dirt":51,"minecraft:sand":10,"minecraft:gold_ore":3,"minecraft:oak_leaves":35,"minecraft:fern":3},"minecraft:used":{"minecraft:moss_block":2,"minecraft:stone_sword":44,"minecraft:iron_shovel":50,"minecraft:flint_and_steel":4,"minecraft:chest":25,"minecraft:iron_sword":117,"minecraft:cooked_salmon":10,"minecraft:cooked_chicken":4,"minecraft:torch":37,"minecraft:dirt":82,"minecraft:jungle_planks":2,"minecraft:carrot":29,"minecraft:jungle_trapdoor":3,"minecraft:obsidian":1,"minecraft:iron_hoe":86,"minecraft:jungle_fence_gate":3,"minecraft:iron_axe":49,"minecraft:jungle_log":47,"minecraft:bamboo":27,"minecraft:rabbit_stew":1,"minecraft:golden_sword":28,"minecraft:golden_carrot":2,"minecraft:furnace":11,"minecraft:potato":29,"minecraft:cooked_beef":13,"minecraft:cooked_mutton":10,"minecraft:wheat_seeds":26,"minecraft:water_bucket":62,"minecraft:baked_potato":4,"minecraft:stone_pickaxe":215,"minecraft:jungle_fence":43,"minecraft:wooden_pickaxe":20,"minecraft:sugar_cane":6,"minecraft:jungle_boat":2,"minecraft:golden_apple":1,"minecraft:salmon":4,"minecraft:mossy_cobblestone":4,"minecraft:crafting_table":22,"minecraft:red_bed":25,"minecraft:white_bed":12,"minecraft:shears":2,"minecraft:smoker":6,"minecraft:melon_slice":2,"minecraft:bread":14,"minecraft:iron_pickaxe":267,"minecraft:jungle_sign":1,"minecraft:cobblestone":100,"minecraft:cooked_porkchop":18,"minecraft:bucket":66,"minecraft:golden_pickaxe":9,"minecraft:experience_bottle":1}},"DataVersion":3953}