{"stats":{"minecraft:custom":{"minecraft:interact_with_furnace":54,"minecraft:mob_kills":38,"minecraft:interact_with_crafting_table":49,"minecraft:leave_game":4,"minecraft:time_since_death":117428,"minecraft:sleep_in_bed":6,"minecraft:climb_one_cm":3273,"minecraft:time_since_rest":5891,"minecraft:sprint_one_cm":468254,"minecraft:damage_taken":1023,"minecraft:walk_one_cm":232765,"minecraft:drop":54,"minecraft:damage_dealt":2450,"minecraft:swim_one_cm":36423,"minecraft:fly_one_cm":122339,"minecraft:open_chest":10,"minecraft:play_time":117428,"minecraft:crouch_one_cm":4942,"minecraft:sneak_time":1938,"minecraft:walk_under_water_one_cm":19917,"minecraft:jump":1300,"minecraft:interact_with_blast_furnace":7,"minecraft:walk_on_water_one_cm":87795,"minecraft:total_world_time":117428,"minecraft:interact_with_smoker":3,"minecraft:fall_one_cm":25172},"minecraft:crafted":{"minecraft:cooked_beef":5,"minecraft:red_dye":2,"minecraft:oak_planks":8,"minecraft:cooked_porkchop":8,"minecraft:crafting_table":1,"minecraft:spruce_planks":28,"minecraft:cooked_chicken":4,"minecraft:wooden_pickaxe":1,"minecraft:iron_helmet":1,"minecraft:iron_sword":1,"minecraft:red_bed":1,"minecraft:furnace":3,"minecraft:cooked_salmon":9,"minecraft:cooked_mutton":10,"minecraft:flint_and_steel":1,"minecraft:iron_chestplate":1,"minecraft:iron_boots":1,"minecraft:shield":1,"minecraft:stick":28,"minecraft:iron_ingot":55,"minecraft:stone_pickaxe":2,"minecraft:iron_pickaxe":2,"minecraft:stone_sword":1,"minecraft:chest":2,"minecraft:gold_ingot":5,"minecraft:iron_leggings":2,"minecraft:white_bed":1,"minecraft:dark_oak_planks":16,"minecraft:torch":44,"minecraft:smoker":1},"minecraft:dropped":{"minecraft:gravel":11,"minecraft:furnace":1,"minecraft:wheat_seeds":1,"minecraft:iron_nugget":3,"minecraft:feather":2,"minecraft:rotten_flesh":3,"minecraft:oak_planks":2,"minecraft:flint":2,"minecraft:dirt":27,"minecraft:gray_wool":2,"minecraft:diorite":8,"minecraft:spruce_planks":23,"minecraft:crimson_roots":1,"minecraft:brown_wool":1,"minecraft:iron_leggings":1,"minecraft:gold_nugget":18,"minecraft:bone_meal":1,"minecraft:spruce_log":2,"minecraft:arrow":1,"minecraft:red_dye":1,"minecraft:wooden_pickaxe":1,"minecraft:stone_pickaxe":1,"minecraft:crying_obsidian":1,"minecraft:stone_brick_slab":2,"minecraft:white_wool":3},"minecraft:killed":{"minecraft:pig":3,"minecraft:salmon":16,"minecraft:sheep":8,"minecraft:skeleton":2,"minecraft:zombie":1,"minecraft:chicken":4,"minecraft:cow":4},"minecraft:mined":{"minecraft:white_bed":7,"minecraft:mossy_cobblestone":4,"minecraft:smoker":1,"minecraft:dark_oak_log":4,"minecraft:crafting_table":11,"minecraft:short_grass":8,"minecraft:grass_block":26,"minecraft:rose_bush":1,"minecraft:cobblestone":11,"minecraft:spruce_leaves":1,"minecraft:diorite":8,"minecraft:large_fern":1,"minecraft:tall_seagrass":1,"minecraft:furnace":7,"minecraft:iron_ore":13,"minecraft:fire":3,"minecraft:spruce_log":9,"minecraft:coal_ore":80,"minecraft:oak_log":6,"minecraft:gravel":13,"minecraft:dirt":38,"minecraft:stone":105,"minecraft:gold_ore":3,"minecraft:oak_leaves":5,"minecraft:fern":1},"minecraft:picked_up":{"minecraft:crafting_table":11,"minecraft:feather":2,"minecraft:chicken":4,"minecraft:salmon":13,"minecraft:brown_wool":1,"minecraft:leather":5,"minecraft:smoker":1,"minecraft:flint":2,"minecraft:oak_log":6,"minecraft:dirt":63,"minecraft:bone":2,"minecraft:wheat_seeds":1,"minecraft:gold_nugget":12,"minecraft:raw_gold":3,"minecraft:spruce_planks":39,"minecraft:beef":5,"minecraft:rose_bush":1,"minecraft:furnace":7,"minecraft:raw_iron":13,"minecraft:stone_brick_slab":2,"minecraft:gravel":11,"minecraft:porkchop":8,"minecraft:diorite":8,"minecraft:white_bed":8,"minecraft:spruce_log":9,"minecraft:dark_oak_log":4,"minecraft:crying_obsidian":1,"minecraft:mossy_stone_brick_slab":1,"minecraft:mossy_cobblestone":4,"minecraft:arrow":1,"minecraft:rotten_flesh":3,"minecraft:bone_meal":1,"minecraft:gray_wool":2,"minecraft:obsidian":11,"minecraft:crimson_roots":1,"minecraft:mutton":10,"minecraft:coal":113,"minecraft:white_wool":6,"minecraft:cobblestone":114},"minecraft:used":{"minecraft:cooked_mutton":1,"minecraft:stone_sword":44,"minecraft:flint_and_steel":4,"minecraft:stone_pickaxe":124,"minecraft:chest":2,"minecraft:wooden_pickaxe":20,"minecraft:iron_sword":61,"minecraft:cooked_salmon":9,"minecraft:cooked_chicken":2,"minecraft:torch":10,"minecraft:salmon":4,"minecraft:mossy_cobblestone":4,"minecraft:dirt":17,"minecraft:crafting_table":11,"minecraft:red_bed":1,"minecraft:white_bed":7,"minecraft:smoker":1,"minecraft:obsidian":1,"minecraft:bread":6,"minecraft:iron_pickaxe":128,"minecraft:cobblestone":35,"minecraft:furnace":6,"minecraft:cooked_porkchop":1,"minecraft:cooked_beef":5}},"DataVersion":3953}