{"stats":{"minecraft:custom":{"minecraft:mob_kills":57,"minecraft:animals_bred":3,"minecraft:interact_with_crafting_table":72,"minecraft:leave_game":18,"minecraft:time_since_death":405186,"minecraft:climb_one_cm":15306,"minecraft:sprint_one_cm":1537072,"minecraft:walk_one_cm":909440,"minecraft:drop":142,"minecraft:talked_to_villager":16,"minecraft:play_time":405186,"minecraft:sneak_time":10095,"minecraft:walk_under_water_one_cm":94535,"minecraft:boat_one_cm":163877,"minecraft:jump":5018,"minecraft:interact_with_blast_furnace":7,"minecraft:walk_on_water_one_cm":265822,"minecraft:total_world_time":405186,"minecraft:interact_with_furnace":68,"minecraft:traded_with_villager":1,"minecraft:sleep_in_bed":24,"minecraft:time_since_rest":62078,"minecraft:damage_taken":2799,"minecraft:damage_dealt":4239,"minecraft:swim_one_cm":95068,"minecraft:fly_one_cm":547335,"minecraft:open_chest":114,"minecraft:crouch_one_cm":20252,"minecraft:interact_with_smoker":23,"minecraft:fall_one_cm":90312},"minecraft:broken":{"minecraft:golden_sword":1,"minecraft:iron_pickaxe":1},"minecraft:mined":{"minecraft:tube_coral":1,"minecraft:white_bed":12,"minecraft:mossy_cobblestone":4,"minecraft:jungle_leaves":2,"minecraft:dark_oak_log":4,"minecraft:brewing_stand":1,"minecraft:cave_vines_plant":7,"minecraft:granite":4,"minecraft:grass_block":66,"minecraft:jungle_log":4,"minecraft:spruce_leaves":1,"minecraft:kelp":1,"minecraft:moss_block":21,"minecraft:horn_coral_wall_fan":1,"minecraft:large_fern":1,"minecraft:hay_block":1,"minecraft:tall_seagrass":3,"minecraft:spore_blossom":1,"minecraft:furnace":11,"minecraft:carrots":13,"minecraft:iron_ore":38,"minecraft:fire":3,"minecraft:andesite":1,"minecraft:potatoes":4,"minecraft:dirt_path":2,"minecraft:bookshelf":8,"minecraft:cave_vines":7,"minecraft:vine":16,"minecraft:oak_stairs":1,"minecraft:brain_coral_wall_fan":1,"minecraft:bamboo":22,"minecraft:stone":193,"minecraft:brain_coral":1,"minecraft:podzol":3,"minecraft:flowering_azalea":15,"minecraft:red_bed":21,"minecraft:smoker":5,"minecraft:dandelion":1,"minecraft:clay":5,"minecraft:fire_coral":1,"minecraft:crafting_table":20,"minecraft:short_grass":41,"minecraft:emerald_ore":1,"minecraft:melon":2,"minecraft:chest":10,"minecraft:rose_bush":1,"minecraft:tall_grass":1,"minecraft:cobblestone":12,"minecraft:tube_coral_fan":1,"minecraft:lapis_ore":4,"minecraft:lily_pad":1,"minecraft:sugar_cane":3,"minecraft:diorite":8,"minecraft:big_dripleaf":1,"minecraft:seagrass":4,"minecraft:cactus":3,"minecraft:coarse_dirt":1,"minecraft:sea_pickle":1,"minecraft:wheat":11,"minecraft:spruce_log":9,"minecraft:birch_leaves":2,"minecraft:jungle_fence":5,"minecraft:coal_ore":158,"minecraft:oak_log":6,"minecraft:gravel":13,"minecraft:dirt":49,"minecraft:sand":10,"minecraft:gold_ore":3,"minecraft:oak_leaves":35,"minecraft:fern":3},"minecraft:crafted":{"minecraft:oak_planks":8,"minecraft:jungle_fence_gate":1,"minecraft:rabbit_stew":1,"minecraft:cooked_chicken":4,"minecraft:furnace":3,"minecraft:jungle_trapdoor":4,"minecraft:cooked_mutton":13,"minecraft:flint_and_steel":1,"minecraft:iron_boots":1,"minecraft:iron_axe":1,"minecraft:iron_hoe":1,"minecraft:stone_pickaxe":2,"minecraft:chest":2,"minecraft:jungle_fence":48,"minecraft:dark_oak_planks":16,"minecraft:cooked_rabbit":1,"minecraft:smoker":2,"minecraft:wheat":9,"minecraft:cooked_beef":13,"minecraft:red_dye":2,"minecraft:cooked_porkchop":18,"minecraft:crafting_table":2,"minecraft:spruce_planks":28,"minecraft:jungle_boat":1,"minecraft:iron_helmet":1,"minecraft:wooden_pickaxe":1,"minecraft:baked_potato":4,"minecraft:iron_sword":1,"minecraft:red_bed":1,"minecraft:cooked_salmon":10,"minecraft:bucket":4,"minecraft:jungle_planks":116,"minecraft:iron_chestplate":1,"minecraft:shield":1,"minecraft:stick":73,"minecraft:iron_ingot":81,"minecraft:iron_pickaxe":3,"minecraft:stone_sword":1,"minecraft:iron_shovel":1,"minecraft:iron_leggings":2,"minecraft:gold_ingot":5,"minecraft:white_bed":1,"minecraft:torch":44,"minecraft:shears":1,"minecraft:jungle_sign":3},"minecraft:picked_up":{"minecraft:cocoa_beans":9,"minecraft:crafting_table":21,"minecraft:coarse_dirt":1,"minecraft:wheat":9,"minecraft:chicken":4,"minecraft:clay_ball":32,"minecraft:oak_stairs":1,"minecraft:brewing_stand":1,"minecraft:string":1,"minecraft:red_bed":21,"minecraft:moss_carpet":4,"minecraft:sea_pickle":1,"minecraft:gold_nugget":12,"minecraft:spruce_planks":39,"minecraft:beef":13,"minecraft:rose_bush":1,"minecraft:jungle_sapling":17,"minecraft:lectern":1,"minecraft:melon_slice":10,"minecraft:sugar_cane":6,"minecraft:chest":10,"minecraft:furnace":11,"minecraft:stick":33,"minecraft:raw_iron":56,"minecraft:big_dripleaf":4,"minecraft:torch":1,"minecraft:porkchop":18,"minecraft:diorite":8,"minecraft:carrot":42,"minecraft:brown_dye":1,"minecraft:cactus":7,"minecraft:arrow":1,"minecraft:rotten_flesh":4,"minecraft:tropical_fish":1,"minecraft:hay_block":1,"minecraft:bookshelf":8,"minecraft:glow_berries":8,"minecraft:obsidian":11,"minecraft:mutton":13,"minecraft:white_wool":6,"minecraft:cobblestone":199,"minecraft:jungle_boat":2,"minecraft:feather":2,"minecraft:andesite":1,"minecraft:salmon":15,"minecraft:jungle_log":166,"minecraft:brown_wool":1,"minecraft:leather":9,"minecraft:potato":12,"minecraft:jungle_fence":5,"minecraft:smoker":5,"minecraft:flint":2,"minecraft:oak_log":58,"minecraft:lily_pad":1,"minecraft:lapis_lazuli":27,"minecraft:dirt":119,"minecraft:paper":6,"minecraft:bone":2,"minecraft:apple":3,"minecraft:kelp":1,"minecraft:wheat_seeds":31,"minecraft:raw_gold":3,"minecraft:spore_blossom":1,"minecraft:stone_pickaxe":1,"minecraft:rabbit":1,"minecraft:bamboo":237,"minecraft:moss_block":19,"minecraft:flowering_azalea":15,"minecraft:stone_brick_slab":2,"minecraft:gravel":11,"minecraft:sand":10,"minecraft:ink_sac":3,"minecraft:white_bed":13,"minecraft:spruce_log":9,"minecraft:crying_obsidian":1,"minecraft:dark_oak_log":4,"minecraft:mossy_stone_brick_slab":1,"minecraft:spider_eye":1,"minecraft:mossy_cobblestone":4,"minecraft:granite":4,"minecraft:bone_meal":1,"minecraft:gray_wool":2,"minecraft:bread":10,"minecraft:emerald":1,"minecraft:oak_sapling":33,"minecraft:black_wool":2,"minecraft:coal":277,"minecraft:crimson_roots":1},"minecraft:used":{"minecraft:moss_block":2,"minecraft:stone_sword":44,"minecraft:iron_shovel":22,"minecraft:flint_and_steel":4,"minecraft:chest":12,"minecraft:iron_sword":117,"minecraft:cooked_salmon":10,"minecraft:cooked_chicken":4,"minecraft:torch":18,"minecraft:dirt":37,"minecraft:carrot":26,"minecraft:obsidian":1,"minecraft:iron_hoe":86,"minecraft:jungle_fence_gate":1,"minecraft:iron_axe":35,"minecraft:jungle_log":28,"minecraft:rabbit_stew":1,"minecraft:golden_sword":28,"minecraft:golden_carrot":2,"minecraft:furnace":11,"minecraft:potato":28,"minecraft:cooked_beef":9,"minecraft:wheat_seeds":26,"minecraft:cooked_mutton":10,"minecraft:water_bucket":54,"minecraft:baked_potato":4,"minecraft:stone_pickaxe":215,"minecraft:jungle_fence":29,"minecraft:wooden_pickaxe":20,"minecraft:sugar_cane":6,"minecraft:jungle_boat":2,"minecraft:golden_apple":1,"minecraft:salmon":4,"minecraft:mossy_cobblestone":4,"minecraft:crafting_table":22,"minecraft:red_bed":21,"minecraft:white_bed":12,"minecraft:shears":2,"minecraft:smoker":6,"minecraft:bread":14,"minecraft:melon_slice":2,"minecraft:iron_pickaxe":258,"minecraft:jungle_sign":1,"minecraft:cobblestone":100,"minecraft:cooked_porkchop":18,"minecraft:bucket":58,"minecraft:golden_pickaxe":9,"minecraft:experience_bottle":1},"minecraft:killed":{"minecraft:spider":1,"minecraft:skeleton":2,"minecraft:chicken":4,"minecraft:tropical_fish":2,"minecraft:pig":9,"minecraft:salmon":19,"minecraft:squid":1,"minecraft:sheep":10,"minecraft:zombie":2,"minecraft:cow":7},"minecraft:dropped":{"minecraft:bread":31,"minecraft:wheat_seeds":4,"minecraft:oak_log":21,"minecraft:crafting_table":1,"minecraft:feather":2,"minecraft:cobblestone":58,"minecraft:apple":2,"minecraft:granite":4,"minecraft:jungle_planks":1,"minecraft:tropical_fish":1,"minecraft:emerald":4,"minecraft:stick":13,"minecraft:flint":2,"minecraft:dirt":59,"minecraft:gray_wool":2,"minecraft:diorite":8,"minecraft:crimson_roots":1,"minecraft:brown_wool":1,"minecraft:map":2,"minecraft:iron_leggings":1,"minecraft:oak_stairs":1,"minecraft:gold_nugget":18,"minecraft:bone_meal":1,"minecraft:sand":10,"minecraft:red_dye":1,"minecraft:paper":6,"minecraft:string":1,"minecraft:lily_pad":1,"minecraft:white_wool":3,"minecraft:stone_brick_slab":2,"minecraft:bone":2,"minecraft:gravel":11,"minecraft:furnace":1,"minecraft:moss_carpet":4,"minecraft:kelp":1,"minecraft:iron_nugget":3,"minecraft:coarse_dirt":1,"minecraft:stone_sword":1,"minecraft:rotten_flesh":4,"minecraft:clay_ball":16,"minecraft:oak_planks":2,"minecraft:iron_boots":1,"minecraft:mossy_stone_brick_slab":1,"minecraft:big_dripleaf":2,"minecraft:spruce_planks":24,"minecraft:andesite":1,"minecraft:jungle_log":97,"minecraft:oak_sapling":21,"minecraft:spider_eye":1,"minecraft:bamboo":162,"minecraft:spruce_log":2,"minecraft:arrow":1,"minecraft:stone_pickaxe":1,"minecraft:wooden_pickaxe":1,"minecraft:crying_obsidian":1,"minecraft:black_wool":2}},"DataVersion":3953}