{"stats":{"minecraft:used":{"minecraft:cooked_mutton":9,"minecraft:water_bucket":7,"minecraft:stone_sword":88,"minecraft:stone_pickaxe":171,"minecraft:spruce_planks":1,"minecraft:wooden_pickaxe":33,"minecraft:shield":9,"minecraft:iron_sword":101,"minecraft:cooked_salmon":21,"minecraft:torch":7,"minecraft:crafting_table":11,"minecraft:white_bed":2,"minecraft:axolotl_bucket":1,"minecraft:spruce_boat":2,"minecraft:wooden_axe":27,"minecraft:iron_pickaxe":234,"minecraft:gravel":2,"minecraft:stone_axe":73,"minecraft:cobblestone":116,"minecraft:bow":1,"minecraft:furnace":7,"minecraft:cooked_porkchop":4,"minecraft:bucket":8},"minecraft:custom":{"minecraft:interact_with_furnace":61,"minecraft:mob_kills":83,"minecraft:interact_with_crafting_table":26,"minecraft:leave_game":2,"minecraft:time_since_death":36670,"minecraft:sleep_in_bed":2,"minecraft:time_since_rest":36800,"minecraft:sprint_one_cm":409717,"minecraft:damage_taken":2242,"minecraft:walk_one_cm":179406,"minecraft:damage_blocked_by_shield":525,"minecraft:drop":23,"minecraft:damage_dealt":7894,"minecraft:swim_one_cm":59459,"minecraft:fly_one_cm":501149,"minecraft:open_chest":2,"minecraft:crouch_one_cm":13702,"minecraft:play_time":112100,"minecraft:deaths":2,"minecraft:sneak_time":4363,"minecraft:walk_under_water_one_cm":17109,"minecraft:boat_one_cm":19598,"minecraft:jump":2576,"minecraft:walk_on_water_one_cm":30427,"minecraft:total_world_time":112100,"minecraft:fall_one_cm":70511},"minecraft:mined":{"minecraft:white_bed":2,"minecraft:brown_mushroom":11,"minecraft:torch":2,"minecraft:crafting_table":11,"minecraft:glow_lichen":1,"minecraft:short_grass":9,"minecraft:granite":8,"minecraft:tall_grass":1,"minecraft:cobblestone":21,"minecraft:spruce_leaves":14,"minecraft:diorite":7,"minecraft:wall_torch":5,"minecraft:large_fern":3,"minecraft:seagrass":2,"minecraft:tall_seagrass":3,"minecraft:furnace":6,"minecraft:iron_ore":99,"minecraft:spruce_log":76,"minecraft:andesite":3,"minecraft:coal_ore":157,"minecraft:gravel":34,"minecraft:stone":122,"minecraft:gold_ore":6,"minecraft:oak_leaves":2},"minecraft:killed":{"minecraft:pig":23,"minecraft:salmon":23,"minecraft:spider":1,"minecraft:sheep":19,"minecraft:skeleton":4,"minecraft:zombie":10},"minecraft:picked_up":{"minecraft:crafting_table":12,"minecraft:iron_chestplate":2,"minecraft:andesite":3,"minecraft:water_bucket":1,"minecraft:salmon":22,"minecraft:brown_wool":2,"minecraft:brown_mushroom":33,"minecraft:wooden_pickaxe":2,"minecraft:flint":12,"minecraft:shield":2,"minecraft:gunpowder":1,"minecraft:cooked_salmon":26,"minecraft:iron_leggings":2,"minecraft:bone":20,"minecraft:bow":2,"minecraft:wheat_seeds":1,"minecraft:raw_gold":18,"minecraft:bucket":1,"minecraft:spruce_planks":428,"minecraft:iron_ingot":18,"minecraft:stone_pickaxe":1,"minecraft:iron_pickaxe":2,"minecraft:light_gray_wool":1,"minecraft:iron_sword":1,"minecraft:iron_boots":1,"minecraft:furnace":9,"minecraft:stick":26,"minecraft:raw_iron":98,"minecraft:torch":13,"minecraft:gravel":28,"minecraft:porkchop":47,"minecraft:spruce_sapling":15,"minecraft:diorite":7,"minecraft:white_bed":2,"minecraft:spruce_log":74,"minecraft:arrow":9,"minecraft:rotten_flesh":7,"minecraft:spruce_boat":3,"minecraft:stone_axe":2,"minecraft:iron_helmet":2,"minecraft:granite":7,"minecraft:bone_meal":21,"minecraft:black_wool":1,"minecraft:mutton":36,"minecraft:coal":261,"minecraft:white_wool":19,"minecraft:cobblestone":164},"minecraft:killed_by":{"minecraft:skeleton":1,"minecraft:zombie":1},"minecraft:crafted":{"minecraft:cooked_porkchop":22,"minecraft:crafting_table":2,"minecraft:spruce_planks":296,"minecraft:wooden_pickaxe":2,"minecraft:iron_helmet":1,"minecraft:iron_sword":1,"minecraft:furnace":1,"minecraft:cooked_salmon":22,"minecraft:bucket":1,"minecraft:bone_meal":6,"minecraft:stone_axe":2,"minecraft:cooked_mutton":9,"minecraft:air":0,"minecraft:iron_boots":1,"minecraft:iron_chestplate":1,"minecraft:shield":1,"minecraft:stick":40,"minecraft:iron_ingot":54,"minecraft:iron_pickaxe":2,"minecraft:stone_pickaxe":2,"minecraft:wooden_axe":1,"minecraft:stone_sword":1,"minecraft:iron_leggings":1,"minecraft:white_bed":2,"minecraft:spruce_boat":2,"minecraft:torch":20},"minecraft:dropped":{"minecraft:gravel":26,"minecraft:stone_axe":1,"minecraft:wheat_seeds":1,"minecraft:rotten_flesh":7,"minecraft:light_gray_wool":1,"minecraft:granite":7,"minecraft:white_bed":1,"minecraft:coal":21,"minecraft:diorite":7,"minecraft:wooden_axe":1,"minecraft:andesite":3,"minecraft:brown_wool":2,"minecraft:bow":1,"minecraft:stone_pickaxe":2,"minecraft:wooden_pickaxe":4,"minecraft:black_wool":1}},"DataVersion":3953}