{"stats":{"minecraft:custom":{"minecraft:interact_with_furnace":93,"minecraft:mob_kills":106,"minecraft:interact_with_crafting_table":32,"minecraft:leave_game":5,"minecraft:time_since_death":44594,"minecraft:sleep_in_bed":3,"minecraft:climb_one_cm":4356,"minecraft:time_since_rest":44698,"minecraft:sprint_one_cm":633712,"minecraft:damage_taken":3465,"minecraft:walk_one_cm":290799,"minecraft:damage_blocked_by_shield":525,"minecraft:drop":24,"minecraft:damage_dealt":11058,"minecraft:swim_one_cm":64297,"minecraft:fly_one_cm":921984,"minecraft:open_chest":31,"minecraft:crouch_one_cm":18632,"minecraft:play_time":180280,"minecraft:deaths":3,"minecraft:sneak_time":6332,"minecraft:walk_under_water_one_cm":18742,"minecraft:boat_one_cm":19598,"minecraft:interact_with_brewingstand":1,"minecraft:jump":4569,"minecraft:walk_on_water_one_cm":37393,"minecraft:enchant_item":1,"minecraft:total_world_time":180280,"minecraft:fall_one_cm":130025},"minecraft:crafted":{"minecraft:cooked_porkchop":64,"minecraft:crafting_table":2,"minecraft:spruce_planks":296,"minecraft:wooden_pickaxe":2,"minecraft:iron_helmet":1,"minecraft:iron_sword":1,"minecraft:furnace":2,"minecraft:cooked_salmon":22,"minecraft:bucket":1,"minecraft:bone_meal":21,"minecraft:stone_axe":2,"minecraft:cooked_mutton":9,"minecraft:air":0,"minecraft:iron_chestplate":1,"minecraft:iron_boots":1,"minecraft:shield":1,"minecraft:stick":52,"minecraft:iron_ingot":107,"minecraft:iron_pickaxe":3,"minecraft:stone_pickaxe":2,"minecraft:wooden_axe":1,"minecraft:stone_sword":1,"minecraft:chest":4,"minecraft:iron_leggings":1,"minecraft:white_bed":2,"minecraft:spruce_boat":2,"minecraft:torch":40},"minecraft:killed_by":{"minecraft:skeleton":1,"minecraft:zombie":2},"minecraft:dropped":{"minecraft:gravel":26,"minecraft:stone_axe":1,"minecraft:wheat_seeds":1,"minecraft:rotten_flesh":7,"minecraft:light_gray_wool":1,"minecraft:granite":7,"minecraft:white_bed":1,"minecraft:coal":21,"minecraft:diorite":7,"minecraft:wooden_axe":1,"minecraft:andesite":3,"minecraft:brown_wool":2,"minecraft:bow":1,"minecraft:stone_pickaxe":2,"minecraft:wooden_pickaxe":4,"minecraft:spruce_sapling":1,"minecraft:black_wool":1},"minecraft:broken":{"minecraft:stone_pickaxe":1,"minecraft:stone_sword":1},"minecraft:killed":{"minecraft:pig":40,"minecraft:salmon":23,"minecraft:spider":1,"minecraft:skeleton":6,"minecraft:sheep":19,"minecraft:zombie":14},"minecraft:mined":{"minecraft:white_bed":4,"minecraft:brown_mushroom":11,"minecraft:brewing_stand":1,"minecraft:crafting_table":14,"minecraft:glow_lichen":1,"minecraft:torch":5,"minecraft:short_grass":31,"minecraft:granite":10,"minecraft:tall_grass":1,"minecraft:cobblestone":21,"minecraft:spruce_leaves":14,"minecraft:diorite":7,"minecraft:wall_torch":6,"minecraft:large_fern":3,"minecraft:seagrass":2,"minecraft:tall_seagrass":3,"minecraft:spruce_sapling":4,"minecraft:furnace":7,"minecraft:iron_ore":165,"minecraft:spruce_log":76,"minecraft:andesite":9,"minecraft:deepslate_iron_ore":3,"minecraft:cave_vines":1,"minecraft:coal_ore":269,"minecraft:gravel":34,"minecraft:stone":159,"minecraft:gold_ore":14,"minecraft:oak_leaves":2},"minecraft:picked_up":{"minecraft:iron_chestplate":2,"minecraft:crafting_table":15,"minecraft:andesite":9,"minecraft:glow_ink_sac":1,"minecraft:water_bucket":1,"minecraft:salmon":22,"minecraft:brown_wool":2,"minecraft:brown_mushroom":33,"minecraft:wooden_pickaxe":2,"minecraft:flint":12,"minecraft:brewing_stand":1,"minecraft:shield":2,"minecraft:gunpowder":1,"minecraft:cooked_salmon":26,"minecraft:iron_leggings":2,"minecraft:bone":22,"minecraft:bow":2,"minecraft:wheat_seeds":3,"minecraft:raw_gold":26,"minecraft:bucket":1,"minecraft:spruce_planks":428,"minecraft:iron_ingot":18,"minecraft:stone_pickaxe":1,"minecraft:iron_pickaxe":2,"minecraft:light_gray_wool":1,"minecraft:iron_sword":1,"minecraft:iron_boots":1,"minecraft:furnace":10,"minecraft:stick":26,"minecraft:raw_iron":167,"minecraft:torch":18,"minecraft:gravel":28,"minecraft:porkchop":74,"minecraft:spruce_sapling":19,"minecraft:diorite":7,"minecraft:white_bed":4,"minecraft:spruce_log":74,"minecraft:arrow":12,"minecraft:rotten_flesh":11,"minecraft:spruce_boat":3,"minecraft:stone_axe":3,"minecraft:iron_helmet":2,"minecraft:granite":9,"minecraft:bone_meal":21,"minecraft:black_wool":1,"minecraft:mutton":36,"minecraft:coal":373,"minecraft:white_wool":19,"minecraft:cobblestone":201},"minecraft:used":{"minecraft:cooked_mutton":9,"minecraft:water_bucket":7,"minecraft:stone_sword":146,"minecraft:stone_pickaxe":209,"minecraft:chest":4,"minecraft:spruce_planks":42,"minecraft:wooden_pickaxe":33,"minecraft:shield":9,"minecraft:iron_sword":101,"minecraft:cooked_salmon":22,"minecraft:torch":13,"minecraft:crafting_table":14,"minecraft:white_bed":4,"minecraft:axolotl_bucket":1,"minecraft:spruce_boat":2,"minecraft:wooden_axe":27,"minecraft:iron_pickaxe":434,"minecraft:spruce_sapling":8,"minecraft:gravel":2,"minecraft:stone_axe":94,"minecraft:cobblestone":116,"minecraft:bow":1,"minecraft:furnace":9,"minecraft:cooked_porkchop":20,"minecraft:bucket":8,"minecraft:bone_meal":2}},"DataVersion":3953}