{"stats":{"minecraft:custom":{"minecraft:mob_kills":119,"minecraft:interact_with_crafting_table":64,"minecraft:bell_ring":10,"minecraft:leave_game":11,"minecraft:time_since_death":167172,"minecraft:climb_one_cm":22993,"minecraft:sprint_one_cm":975599,"minecraft:walk_one_cm":726168,"minecraft:damage_blocked_by_shield":525,"minecraft:drop":39,"minecraft:talked_to_villager":24,"minecraft:play_time":302858,"minecraft:sneak_time":9541,"minecraft:deaths":3,"minecraft:walk_under_water_one_cm":24022,"minecraft:boat_one_cm":174250,"minecraft:jump":6616,"minecraft:interact_with_brewingstand":1,"minecraft:walk_on_water_one_cm":61379,"minecraft:enchant_item":1,"minecraft:total_world_time":302858,"minecraft:interact_with_furnace":99,"minecraft:sleep_in_bed":5,"minecraft:time_since_rest":22529,"minecraft:damage_taken":4560,"minecraft:damage_dealt":12908,"minecraft:swim_one_cm":66543,"minecraft:fly_one_cm":1448526,"minecraft:open_chest":84,"minecraft:crouch_one_cm":29049,"minecraft:fall_one_cm":178943},"minecraft:broken":{"minecraft:iron_shovel":1,"minecraft:stone_sword":1,"minecraft:stone_pickaxe":1,"minecraft:golden_axe":1,"minecraft:iron_axe":2,"minecraft:stone_axe":1},"minecraft:mined":{"minecraft:spruce_planks":79,"minecraft:white_bed":6,"minecraft:mossy_cobblestone":3,"minecraft:deepslate_diamond_ore":3,"minecraft:brewing_stand":1,"minecraft:glow_lichen":1,"minecraft:spruce_trapdoor":10,"minecraft:ladder":1,"minecraft:granite":10,"minecraft:grass_block":114,"minecraft:spruce_leaves":58,"minecraft:frosted_ice":4,"minecraft:large_fern":3,"minecraft:tall_seagrass":3,"minecraft:spruce_sapling":10,"minecraft:furnace":7,"minecraft:iron_ore":165,"minecraft:fire":13,"minecraft:andesite":9,"minecraft:fletching_table":3,"minecraft:deepslate_lapis_ore":3,"minecraft:bell":1,"minecraft:cave_vines":1,"minecraft:deepslate_iron_ore":13,"minecraft:water_cauldron":4,"minecraft:dirt_path":27,"minecraft:stone":159,"minecraft:brown_mushroom":11,"minecraft:crafting_table":16,"minecraft:torch":26,"minecraft:short_grass":349,"minecraft:chest":3,"minecraft:lectern":5,"minecraft:tall_grass":14,"minecraft:cobblestone":22,"minecraft:deepslate_gold_ore":3,"minecraft:diorite":7,"minecraft:wall_torch":23,"minecraft:seagrass":2,"minecraft:spruce_log":206,"minecraft:yellow_bed":7,"minecraft:coal_ore":269,"minecraft:beetroots":1,"minecraft:gravel":109,"minecraft:sand":1,"minecraft:dirt":17,"minecraft:gold_ore":14,"minecraft:oak_leaves":2,"minecraft:deepslate":9},"minecraft:crafted":{"minecraft:furnace":2,"minecraft:bone_meal":27,"minecraft:cooked_mutton":9,"minecraft:iron_boots":1,"minecraft:iron_axe":4,"minecraft:ladder":6,"minecraft:stone_pickaxe":2,"minecraft:chest":27,"minecraft:spruce_boat":5,"minecraft:spruce_sign":3,"minecraft:cooked_porkchop":64,"minecraft:crafting_table":3,"minecraft:spruce_planks":3144,"minecraft:wooden_pickaxe":2,"minecraft:iron_helmet":1,"minecraft:iron_sword":2,"minecraft:cooked_salmon":22,"minecraft:fletching_table":3,"minecraft:bucket":1,"minecraft:stone_axe":2,"minecraft:air":0,"minecraft:spruce_trapdoor":4,"minecraft:iron_chestplate":1,"minecraft:diamond_pickaxe":1,"minecraft:shield":1,"minecraft:stick":52,"minecraft:iron_ingot":140,"minecraft:iron_pickaxe":4,"minecraft:wooden_axe":1,"minecraft:stone_sword":1,"minecraft:iron_shovel":3,"minecraft:iron_leggings":1,"minecraft:white_bed":2,"minecraft:torch":40},"minecraft:picked_up":{"minecraft:spruce_leaves":11,"minecraft:crafting_table":17,"minecraft:iron_chestplate":2,"minecraft:ladder":1,"minecraft:brown_mushroom":33,"minecraft:wooden_pickaxe":2,"minecraft:brewing_stand":1,"minecraft:shield":2,"minecraft:cooked_salmon":26,"minecraft:iron_leggings":2,"minecraft:beetroot":1,"minecraft:cobbled_deepslate":7,"minecraft:bucket":1,"minecraft:spruce_planks":507,"minecraft:beef":9,"minecraft:light_gray_wool":1,"minecraft:iron_pickaxe":2,"minecraft:lectern":4,"minecraft:chest":3,"minecraft:spruce_trapdoor":10,"minecraft:furnace":10,"minecraft:iron_boots":1,"minecraft:egg":2,"minecraft:stick":91,"minecraft:raw_iron":177,"minecraft:torch":57,"minecraft:porkchop":74,"minecraft:diorite":7,"minecraft:rotten_flesh":11,"minecraft:arrow":18,"minecraft:beetroot_seeds":3,"minecraft:mutton":36,"minecraft:white_wool":19,"minecraft:cobblestone":202,"minecraft:andesite":9,"minecraft:water_bucket":1,"minecraft:glow_ink_sac":1,"minecraft:salmon":22,"minecraft:brown_wool":2,"minecraft:leather":3,"minecraft:flint":17,"minecraft:yellow_bed":7,"minecraft:gunpowder":1,"minecraft:lapis_lazuli":26,"minecraft:dirt":156,"minecraft:bone":24,"minecraft:bow":2,"minecraft:wheat_seeds":59,"minecraft:raw_gold":29,"minecraft:bell":1,"minecraft:stone_pickaxe":1,"minecraft:iron_ingot":18,"minecraft:fletching_table":3,"minecraft:iron_sword":1,"minecraft:gravel":160,"minecraft:sand":1,"minecraft:spruce_sapling":117,"minecraft:white_bed":6,"minecraft:spruce_log":795,"minecraft:mossy_cobblestone":3,"minecraft:diamond":3,"minecraft:spruce_boat":18,"minecraft:stone_axe":4,"minecraft:iron_helmet":2,"minecraft:granite":9,"minecraft:bone_meal":21,"minecraft:black_wool":1,"minecraft:coal":373},"minecraft:used":{"minecraft:beetroot":1,"minecraft:stone_sword":146,"minecraft:iron_shovel":553,"minecraft:ladder":5,"minecraft:chest":30,"minecraft:spruce_planks":286,"minecraft:shield":9,"minecraft:iron_sword":155,"minecraft:cooked_salmon":22,"minecraft:bell":1,"minecraft:torch":63,"minecraft:dirt":107,"minecraft:axolotl_bucket":1,"minecraft:spruce_boat":19,"minecraft:wooden_axe":27,"minecraft:iron_axe":206,"minecraft:bow":1,"minecraft:furnace":10,"minecraft:golden_axe":33,"minecraft:cooked_mutton":9,"minecraft:water_bucket":40,"minecraft:stone_pickaxe":209,"minecraft:wooden_pickaxe":33,"minecraft:spruce_sign":3,"minecraft:fletching_table":6,"minecraft:crafting_table":18,"minecraft:white_bed":7,"minecraft:spruce_log":9,"minecraft:diamond_pickaxe":5,"minecraft:iron_pickaxe":468,"minecraft:lectern":3,"minecraft:spruce_trapdoor":13,"minecraft:spruce_sapling":102,"minecraft:gravel":2,"minecraft:stone_axe":128,"minecraft:cobblestone":123,"minecraft:cooked_porkchop":42,"minecraft:bucket":42,"minecraft:yellow_bed":7,"minecraft:bone_meal":30},"minecraft:killed":{"minecraft:spider":1,"minecraft:skeleton":10,"minecraft:pig":40,"minecraft:salmon":23,"minecraft:sheep":19,"minecraft:zombie":16,"minecraft:cow":6},"minecraft:killed_by":{"minecraft:skeleton":1,"minecraft:zombie":2},"minecraft:dropped":{"minecraft:wheat_seeds":30,"minecraft:mossy_cobblestone":3,"minecraft:granite":7,"minecraft:coal":21,"minecraft:spruce_leaves":11,"minecraft:diorite":7,"minecraft:wooden_axe":1,"minecraft:brown_wool":2,"minecraft:iron_axe":1,"minecraft:spruce_sapling":5,"minecraft:gravel":158,"minecraft:stone_axe":2,"minecraft:rotten_flesh":7,"minecraft:light_gray_wool":1,"minecraft:white_bed":1,"minecraft:andesite":3,"minecraft:beetroot_seeds":3,"minecraft:wooden_pickaxe":4,"minecraft:bow":1,"minecraft:stone_pickaxe":2,"minecraft:black_wool":1,"minecraft:egg":2}},"DataVersion":3953}