{"stats":{"minecraft:custom":{"minecraft:mob_kills":111,"minecraft:interact_with_crafting_table":43,"minecraft:bell_ring":10,"minecraft:leave_game":8,"minecraft:time_since_death":100675,"minecraft:climb_one_cm":10840,"minecraft:sprint_one_cm":834290,"minecraft:walk_one_cm":455433,"minecraft:damage_blocked_by_shield":525,"minecraft:drop":32,"minecraft:talked_to_villager":17,"minecraft:play_time":236361,"minecraft:deaths":3,"minecraft:sneak_time":8304,"minecraft:walk_under_water_one_cm":18742,"minecraft:boat_one_cm":75948,"minecraft:jump":5659,"minecraft:interact_with_brewingstand":1,"minecraft:walk_on_water_one_cm":39692,"minecraft:enchant_item":1,"minecraft:total_world_time":236361,"minecraft:interact_with_furnace":98,"minecraft:sleep_in_bed":3,"minecraft:time_since_rest":100779,"minecraft:damage_taken":4294,"minecraft:damage_dealt":12084,"minecraft:swim_one_cm":64297,"minecraft:fly_one_cm":1201696,"minecraft:open_chest":56,"minecraft:crouch_one_cm":27145,"minecraft:fall_one_cm":158714},"minecraft:crafted":{"minecraft:furnace":2,"minecraft:bone_meal":27,"minecraft:cooked_mutton":9,"minecraft:iron_boots":1,"minecraft:iron_axe":1,"minecraft:stone_pickaxe":2,"minecraft:chest":7,"minecraft:spruce_boat":5,"minecraft:spruce_sign":3,"minecraft:cooked_porkchop":64,"minecraft:crafting_table":3,"minecraft:spruce_planks":1368,"minecraft:wooden_pickaxe":2,"minecraft:iron_helmet":1,"minecraft:iron_sword":2,"minecraft:cooked_salmon":22,"minecraft:bucket":1,"minecraft:stone_axe":2,"minecraft:air":0,"minecraft:iron_chestplate":1,"minecraft:diamond_pickaxe":1,"minecraft:shield":1,"minecraft:stick":52,"minecraft:iron_ingot":140,"minecraft:iron_pickaxe":4,"minecraft:wooden_axe":1,"minecraft:stone_sword":1,"minecraft:iron_shovel":2,"minecraft:iron_leggings":1,"minecraft:white_bed":2,"minecraft:torch":40},"minecraft:killed_by":{"minecraft:skeleton":1,"minecraft:zombie":2},"minecraft:dropped":{"minecraft:wheat_seeds":1,"minecraft:granite":7,"minecraft:coal":21,"minecraft:spruce_leaves":11,"minecraft:diorite":7,"minecraft:wooden_axe":1,"minecraft:brown_wool":2,"minecraft:spruce_sapling":4,"minecraft:gravel":26,"minecraft:stone_axe":2,"minecraft:rotten_flesh":7,"minecraft:light_gray_wool":1,"minecraft:white_bed":1,"minecraft:andesite":3,"minecraft:beetroot_seeds":3,"minecraft:bow":1,"minecraft:stone_pickaxe":2,"minecraft:wooden_pickaxe":4,"minecraft:black_wool":1,"minecraft:egg":2},"minecraft:broken":{"minecraft:stone_sword":1,"minecraft:stone_pickaxe":1,"minecraft:golden_axe":1,"minecraft:stone_axe":1},"minecraft:killed":{"minecraft:spider":1,"minecraft:skeleton":10,"minecraft:pig":40,"minecraft:salmon":23,"minecraft:sheep":19,"minecraft:zombie":15},"minecraft:mined":{"minecraft:spruce_planks":10,"minecraft:white_bed":6,"minecraft:mossy_cobblestone":3,"minecraft:deepslate_diamond_ore":3,"minecraft:brewing_stand":1,"minecraft:glow_lichen":1,"minecraft:granite":10,"minecraft:grass_block":13,"minecraft:spruce_leaves":57,"minecraft:frosted_ice":2,"minecraft:large_fern":3,"minecraft:tall_seagrass":3,"minecraft:spruce_sapling":8,"minecraft:furnace":7,"minecraft:iron_ore":165,"minecraft:fire":13,"minecraft:andesite":9,"minecraft:deepslate_lapis_ore":3,"minecraft:bell":1,"minecraft:dirt_path":14,"minecraft:water_cauldron":4,"minecraft:cave_vines":1,"minecraft:deepslate_iron_ore":13,"minecraft:stone":159,"minecraft:brown_mushroom":11,"minecraft:crafting_table":16,"minecraft:torch":20,"minecraft:short_grass":249,"minecraft:chest":1,"minecraft:lectern":5,"minecraft:tall_grass":11,"minecraft:cobblestone":22,"minecraft:deepslate_gold_ore":3,"minecraft:diorite":7,"minecraft:wall_torch":13,"minecraft:seagrass":2,"minecraft:spruce_log":120,"minecraft:yellow_bed":7,"minecraft:coal_ore":269,"minecraft:beetroots":1,"minecraft:dirt":1,"minecraft:gravel":34,"minecraft:gold_ore":14,"minecraft:oak_leaves":2,"minecraft:deepslate":9},"minecraft:used":{"minecraft:beetroot":1,"minecraft:stone_sword":146,"minecraft:iron_shovel":136,"minecraft:chest":8,"minecraft:spruce_planks":194,"minecraft:shield":9,"minecraft:iron_sword":138,"minecraft:bell":1,"minecraft:cooked_salmon":22,"minecraft:torch":45,"minecraft:dirt":22,"minecraft:axolotl_bucket":1,"minecraft:spruce_boat":9,"minecraft:wooden_axe":27,"minecraft:iron_axe":33,"minecraft:bow":1,"minecraft:furnace":10,"minecraft:golden_axe":33,"minecraft:cooked_mutton":9,"minecraft:water_bucket":13,"minecraft:stone_pickaxe":209,"minecraft:wooden_pickaxe":33,"minecraft:spruce_sign":3,"minecraft:crafting_table":18,"minecraft:white_bed":7,"minecraft:spruce_log":8,"minecraft:diamond_pickaxe":5,"minecraft:iron_pickaxe":468,"minecraft:lectern":3,"minecraft:spruce_sapling":48,"minecraft:gravel":2,"minecraft:stone_axe":128,"minecraft:cobblestone":123,"minecraft:cooked_porkchop":34,"minecraft:bucket":15,"minecraft:yellow_bed":7,"minecraft:bone_meal":30},"minecraft:picked_up":{"minecraft:spruce_leaves":11,"minecraft:crafting_table":17,"minecraft:iron_chestplate":2,"minecraft:brown_mushroom":33,"minecraft:wooden_pickaxe":2,"minecraft:brewing_stand":1,"minecraft:shield":2,"minecraft:cooked_salmon":26,"minecraft:iron_leggings":2,"minecraft:beetroot":1,"minecraft:cobbled_deepslate":7,"minecraft:bucket":1,"minecraft:spruce_planks":438,"minecraft:light_gray_wool":1,"minecraft:iron_pickaxe":2,"minecraft:lectern":4,"minecraft:chest":1,"minecraft:egg":2,"minecraft:iron_boots":1,"minecraft:furnace":10,"minecraft:stick":56,"minecraft:raw_iron":177,"minecraft:torch":40,"minecraft:porkchop":74,"minecraft:diorite":7,"minecraft:arrow":18,"minecraft:rotten_flesh":11,"minecraft:beetroot_seeds":3,"minecraft:mutton":36,"minecraft:white_wool":19,"minecraft:cobblestone":202,"minecraft:andesite":9,"minecraft:water_bucket":1,"minecraft:glow_ink_sac":1,"minecraft:salmon":22,"minecraft:brown_wool":2,"minecraft:flint":12,"minecraft:yellow_bed":7,"minecraft:gunpowder":1,"minecraft:lapis_lazuli":26,"minecraft:dirt":28,"minecraft:bone":24,"minecraft:bow":2,"minecraft:wheat_seeds":28,"minecraft:raw_gold":29,"minecraft:bell":1,"minecraft:stone_pickaxe":1,"minecraft:iron_ingot":18,"minecraft:iron_sword":1,"minecraft:gravel":28,"minecraft:spruce_sapling":65,"minecraft:white_bed":6,"minecraft:spruce_log":350,"minecraft:mossy_cobblestone":3,"minecraft:spruce_boat":7,"minecraft:diamond":3,"minecraft:stone_axe":4,"minecraft:iron_helmet":2,"minecraft:granite":9,"minecraft:bone_meal":21,"minecraft:black_wool":1,"minecraft:coal":373}},"DataVersion":3953}