{"stats":{"minecraft:custom":{"minecraft:interact_with_furnace":72,"minecraft:mob_kills":94,"minecraft:interact_with_crafting_table":28,"minecraft:leave_game":3,"minecraft:time_since_death":54676,"minecraft:sleep_in_bed":2,"minecraft:time_since_rest":54806,"minecraft:sprint_one_cm":490132,"minecraft:damage_taken":2292,"minecraft:walk_one_cm":201421,"minecraft:damage_blocked_by_shield":525,"minecraft:drop":24,"minecraft:damage_dealt":8994,"minecraft:swim_one_cm":59459,"minecraft:fly_one_cm":640389,"minecraft:open_chest":7,"minecraft:crouch_one_cm":15074,"minecraft:play_time":130106,"minecraft:deaths":2,"minecraft:sneak_time":4824,"minecraft:walk_under_water_one_cm":17109,"minecraft:boat_one_cm":19598,"minecraft:jump":3127,"minecraft:walk_on_water_one_cm":31157,"minecraft:total_world_time":130106,"minecraft:fall_one_cm":85760},"minecraft:crafted":{"minecraft:cooked_porkchop":32,"minecraft:crafting_table":2,"minecraft:spruce_planks":296,"minecraft:wooden_pickaxe":2,"minecraft:iron_helmet":1,"minecraft:iron_sword":1,"minecraft:furnace":1,"minecraft:cooked_salmon":22,"minecraft:bucket":1,"minecraft:bone_meal":15,"minecraft:stone_axe":2,"minecraft:cooked_mutton":9,"minecraft:air":0,"minecraft:iron_boots":1,"minecraft:iron_chestplate":1,"minecraft:shield":1,"minecraft:stick":40,"minecraft:iron_ingot":63,"minecraft:iron_pickaxe":3,"minecraft:stone_pickaxe":2,"minecraft:wooden_axe":1,"minecraft:stone_sword":1,"minecraft:chest":2,"minecraft:iron_leggings":1,"minecraft:white_bed":2,"minecraft:spruce_boat":2,"minecraft:torch":20},"minecraft:killed_by":{"minecraft:skeleton":1,"minecraft:zombie":1},"minecraft:dropped":{"minecraft:gravel":26,"minecraft:stone_axe":1,"minecraft:wheat_seeds":1,"minecraft:rotten_flesh":7,"minecraft:light_gray_wool":1,"minecraft:granite":7,"minecraft:white_bed":1,"minecraft:coal":21,"minecraft:diorite":7,"minecraft:wooden_axe":1,"minecraft:andesite":3,"minecraft:brown_wool":2,"minecraft:bow":1,"minecraft:stone_pickaxe":2,"minecraft:wooden_pickaxe":4,"minecraft:spruce_sapling":1,"minecraft:black_wool":1},"minecraft:killed":{"minecraft:pig":34,"minecraft:salmon":23,"minecraft:spider":1,"minecraft:skeleton":4,"minecraft:sheep":19,"minecraft:zombie":10},"minecraft:mined":{"minecraft:white_bed":3,"minecraft:brown_mushroom":11,"minecraft:crafting_table":12,"minecraft:torch":3,"minecraft:glow_lichen":1,"minecraft:short_grass":14,"minecraft:granite":8,"minecraft:tall_grass":1,"minecraft:cobblestone":21,"minecraft:spruce_leaves":14,"minecraft:diorite":7,"minecraft:wall_torch":5,"minecraft:large_fern":3,"minecraft:seagrass":2,"minecraft:tall_seagrass":3,"minecraft:furnace":6,"minecraft:iron_ore":101,"minecraft:spruce_log":76,"minecraft:andesite":3,"minecraft:coal_ore":166,"minecraft:gravel":34,"minecraft:stone":125,"minecraft:gold_ore":6,"minecraft:oak_leaves":2},"minecraft:picked_up":{"minecraft:iron_chestplate":2,"minecraft:crafting_table":13,"minecraft:andesite":3,"minecraft:water_bucket":1,"minecraft:salmon":22,"minecraft:brown_wool":2,"minecraft:brown_mushroom":33,"minecraft:wooden_pickaxe":2,"minecraft:flint":12,"minecraft:shield":2,"minecraft:gunpowder":1,"minecraft:cooked_salmon":26,"minecraft:iron_leggings":2,"minecraft:bone":20,"minecraft:bow":2,"minecraft:wheat_seeds":3,"minecraft:raw_gold":18,"minecraft:bucket":1,"minecraft:spruce_planks":428,"minecraft:iron_ingot":18,"minecraft:stone_pickaxe":1,"minecraft:iron_pickaxe":2,"minecraft:light_gray_wool":1,"minecraft:iron_sword":1,"minecraft:iron_boots":1,"minecraft:furnace":9,"minecraft:stick":26,"minecraft:raw_iron":100,"minecraft:torch":14,"minecraft:gravel":28,"minecraft:porkchop":64,"minecraft:spruce_sapling":15,"minecraft:diorite":7,"minecraft:white_bed":3,"minecraft:spruce_log":74,"minecraft:arrow":9,"minecraft:rotten_flesh":7,"minecraft:spruce_boat":3,"minecraft:stone_axe":2,"minecraft:iron_helmet":2,"minecraft:granite":7,"minecraft:bone_meal":21,"minecraft:black_wool":1,"minecraft:mutton":36,"minecraft:coal":270,"minecraft:white_wool":19,"minecraft:cobblestone":167},"minecraft:used":{"minecraft:cooked_mutton":9,"minecraft:water_bucket":7,"minecraft:stone_sword":115,"minecraft:stone_pickaxe":185,"minecraft:chest":2,"minecraft:wooden_pickaxe":33,"minecraft:spruce_planks":15,"minecraft:shield":9,"minecraft:iron_sword":101,"minecraft:cooked_salmon":22,"minecraft:torch":7,"minecraft:crafting_table":13,"minecraft:white_bed":4,"minecraft:axolotl_bucket":1,"minecraft:spruce_boat":2,"minecraft:wooden_axe":27,"minecraft:iron_pickaxe":234,"minecraft:spruce_sapling":4,"minecraft:gravel":2,"minecraft:stone_axe":77,"minecraft:bow":1,"minecraft:cobblestone":116,"minecraft:furnace":8,"minecraft:cooked_porkchop":7,"minecraft:bucket":8}},"DataVersion":3953}