{"stats":{"minecraft:used":{"minecraft:beetroot":1,"minecraft:stone_sword":146,"minecraft:iron_shovel":953,"minecraft:ladder":9,"minecraft:chest":30,"minecraft:spruce_planks":412,"minecraft:shield":9,"minecraft:iron_sword":158,"minecraft:cooked_salmon":22,"minecraft:bell":1,"minecraft:torch":101,"minecraft:brewing_stand":1,"minecraft:dirt":226,"minecraft:axolotl_bucket":1,"minecraft:spruce_boat":51,"minecraft:wooden_axe":27,"minecraft:bookshelf":4,"minecraft:iron_axe":647,"minecraft:bow":1,"minecraft:furnace":10,"minecraft:golden_axe":33,"minecraft:cooked_mutton":9,"minecraft:water_bucket":56,"minecraft:stone_pickaxe":209,"minecraft:wooden_pickaxe":33,"minecraft:spruce_sign":3,"minecraft:fletching_table":21,"minecraft:blast_furnace":2,"minecraft:crafting_table":19,"minecraft:white_bed":7,"minecraft:spruce_log":14,"minecraft:diamond_pickaxe":7,"minecraft:iron_pickaxe":521,"minecraft:lectern":303,"minecraft:spruce_trapdoor":25,"minecraft:spruce_sapling":271,"minecraft:gravel":2,"minecraft:stone_axe":128,"minecraft:cobblestone":124,"minecraft:grindstone":1,"minecraft:cooked_porkchop":57,"minecraft:smithing_table":1,"minecraft:bucket":58,"minecraft:yellow_bed":7,"minecraft:bone_meal":30},"minecraft:dropped":{"minecraft:wheat_seeds":31,"minecraft:mossy_cobblestone":3,"minecraft:iron_helmet":1,"minecraft:granite":7,"minecraft:coal":21,"minecraft:spruce_leaves":11,"minecraft:diorite":7,"minecraft:wooden_axe":1,"minecraft:brown_wool":2,"minecraft:iron_leggings":1,"minecraft:iron_axe":15,"minecraft:spruce_sapling":5,"minecraft:gravel":158,"minecraft:stone_axe":2,"minecraft:brown_dye":1,"minecraft:rotten_flesh":7,"minecraft:light_gray_wool":1,"minecraft:white_bed":1,"minecraft:carrot":58,"minecraft:spruce_planks":4,"minecraft:iron_chestplate":1,"minecraft:beetroot_seeds":3,"minecraft:andesite":3,"minecraft:bow":1,"minecraft:stone_pickaxe":2,"minecraft:wooden_pickaxe":4,"minecraft:black_wool":1,"minecraft:egg":2},"minecraft:killed_by":{"minecraft:skeleton":1,"minecraft:zombie":2},"minecraft:mined":{"minecraft:spruce_planks":178,"minecraft:white_bed":6,"minecraft:mossy_cobblestone":3,"minecraft:deepslate_diamond_ore":3,"minecraft:brewing_stand":1,"minecraft:spruce_trapdoor":16,"minecraft:glow_lichen":1,"minecraft:ladder":7,"minecraft:granite":10,"minecraft:grass_block":114,"minecraft:spruce_leaves":66,"minecraft:frosted_ice":4,"minecraft:large_fern":3,"minecraft:tall_seagrass":3,"minecraft:spruce_sapling":15,"minecraft:furnace":7,"minecraft:iron_ore":165,"minecraft:fire":13,"minecraft:andesite":9,"minecraft:deepslate_lapis_ore":3,"minecraft:fletching_table":18,"minecraft:bell":1,"minecraft:bookshelf":4,"minecraft:dirt_path":56,"minecraft:cave_vines":1,"minecraft:deepslate_iron_ore":13,"minecraft:water_cauldron":4,"minecraft:stone":159,"minecraft:smithing_table":1,"minecraft:brown_mushroom":11,"minecraft:crafting_table":16,"minecraft:torch":29,"minecraft:short_grass":352,"minecraft:blast_furnace":1,"minecraft:chest":3,"minecraft:lectern":301,"minecraft:tall_grass":14,"minecraft:cobblestone":74,"minecraft:deepslate_gold_ore":3,"minecraft:sugar_cane":9,"minecraft:diorite":7,"minecraft:wall_torch":42,"minecraft:seagrass":2,"minecraft:spruce_log":214,"minecraft:yellow_bed":7,"minecraft:coal_ore":269,"minecraft:beetroots":1,"minecraft:gravel":109,"minecraft:dirt":107,"minecraft:sand":1,"minecraft:gold_ore":14,"minecraft:oak_leaves":2,"minecraft:deepslate":9},"minecraft:killed":{"minecraft:spider":1,"minecraft:skeleton":10,"minecraft:pig":40,"minecraft:salmon":23,"minecraft:sheep":19,"minecraft:zombie":16,"minecraft:villager":1,"minecraft:cow":6},"minecraft:custom":{"minecraft:mob_kills":120,"minecraft:interact_with_crafting_table":96,"minecraft:bell_ring":10,"minecraft:leave_game":18,"minecraft:time_since_death":394428,"minecraft:climb_one_cm":47901,"minecraft:sprint_one_cm":1294687,"minecraft:walk_one_cm":1316268,"minecraft:damage_blocked_by_shield":525,"minecraft:drop":117,"minecraft:talked_to_villager":484,"minecraft:play_time":530114,"minecraft:sneak_time":10657,"minecraft:deaths":3,"minecraft:walk_under_water_one_cm":24430,"minecraft:boat_one_cm":426530,"minecraft:jump":8830,"minecraft:interact_with_brewingstand":1,"minecraft:walk_on_water_one_cm":80524,"minecraft:enchant_item":1,"minecraft:total_world_time":530114,"minecraft:interact_with_furnace":103,"minecraft:traded_with_villager":688,"minecraft:interact_with_grindstone":3,"minecraft:sleep_in_bed":10,"minecraft:time_since_rest":34809,"minecraft:damage_taken":5101,"minecraft:damage_dealt":13110,"minecraft:swim_one_cm":66543,"minecraft:fly_one_cm":1962493,"minecraft:open_chest":222,"minecraft:crouch_one_cm":33495,"minecraft:fall_one_cm":242316},"minecraft:crafted":{"minecraft:grindstone":1,"minecraft:chainmail_helmet":12,"minecraft:furnace":2,"minecraft:stone":3,"minecraft:bone_meal":27,"minecraft:bookshelf":4,"minecraft:cooked_mutton":9,"minecraft:diamond_helmet":1,"minecraft:diamond_leggings":1,"minecraft:iron_boots":1,"minecraft:iron_axe":19,"minecraft:ladder":6,"minecraft:stone_pickaxe":2,"minecraft:chest":27,"minecraft:diamond_boots":1,"minecraft:spruce_boat":5,"minecraft:emerald":630,"minecraft:spruce_sign":3,"minecraft:cooked_porkchop":64,"minecraft:crafting_table":4,"minecraft:spruce_planks":15672,"minecraft:wooden_pickaxe":2,"minecraft:iron_helmet":1,"minecraft:iron_sword":2,"minecraft:smithing_table":1,"minecraft:cooked_salmon":22,"minecraft:fletching_table":3,"minecraft:bucket":1,"minecraft:stone_axe":2,"minecraft:enchanted_book":8,"minecraft:air":0,"minecraft:spruce_trapdoor":12,"minecraft:iron_chestplate":1,"minecraft:book":1,"minecraft:paper":18,"minecraft:diamond_pickaxe":1,"minecraft:shield":8,"minecraft:stick":20073,"minecraft:stone_slab":6,"minecraft:iron_ingot":140,"minecraft:chainmail_boots":12,"minecraft:iron_pickaxe":4,"minecraft:wooden_axe":1,"minecraft:stone_sword":1,"minecraft:iron_shovel":4,"minecraft:iron_leggings":12,"minecraft:white_bed":2,"minecraft:torch":40,"minecraft:diamond_chestplate":1},"minecraft:picked_up":{"minecraft:spruce_leaves":11,"minecraft:crafting_table":17,"minecraft:iron_chestplate":2,"minecraft:ladder":7,"minecraft:smithing_table":1,"minecraft:brown_mushroom":33,"minecraft:wooden_pickaxe":2,"minecraft:brewing_stand":1,"minecraft:shield":2,"minecraft:cooked_salmon":26,"minecraft:iron_leggings":2,"minecraft:beetroot":1,"minecraft:cobbled_deepslate":7,"minecraft:bucket":1,"minecraft:spruce_planks":638,"minecraft:beef":9,"minecraft:iron_pickaxe":2,"minecraft:light_gray_wool":1,"minecraft:lectern":307,"minecraft:sugar_cane":18,"minecraft:chest":3,"minecraft:spruce_trapdoor":16,"minecraft:furnace":10,"minecraft:iron_boots":1,"minecraft:egg":2,"minecraft:stick":320,"minecraft:raw_iron":177,"minecraft:oak_door":1,"minecraft:torch":79,"minecraft:porkchop":74,"minecraft:diorite":7,"minecraft:brown_dye":1,"minecraft:arrow":18,"minecraft:rotten_flesh":11,"minecraft:beetroot_seeds":3,"minecraft:mutton":36,"minecraft:white_wool":19,"minecraft:cobblestone":261,"minecraft:water_bucket":1,"minecraft:glow_ink_sac":1,"minecraft:andesite":9,"minecraft:salmon":22,"minecraft:brown_wool":2,"minecraft:leather":3,"minecraft:flint":17,"minecraft:yellow_bed":7,"minecraft:gunpowder":1,"minecraft:lapis_lazuli":26,"minecraft:dirt":272,"minecraft:bone":24,"minecraft:bow":2,"minecraft:wheat_seeds":60,"minecraft:raw_gold":29,"minecraft:bell":1,"minecraft:iron_ingot":18,"minecraft:stone_pickaxe":1,"minecraft:fletching_table":18,"minecraft:iron_sword":1,"minecraft:book":18,"minecraft:gravel":160,"minecraft:sand":1,"minecraft:spruce_sapling":471,"minecraft:blast_furnace":2,"minecraft:white_bed":6,"minecraft:spruce_log":3948,"minecraft:mossy_cobblestone":3,"minecraft:diamond":3,"minecraft:spruce_boat":51,"minecraft:stone_axe":4,"minecraft:iron_helmet":2,"minecraft:granite":9,"minecraft:bone_meal":21,"minecraft:baked_potato":66,"minecraft:black_wool":1,"minecraft:coal":373},"minecraft:broken":{"minecraft:iron_shovel":1,"minecraft:stone_sword":1,"minecraft:stone_pickaxe":1,"minecraft:golden_axe":1,"minecraft:iron_axe":2,"minecraft:stone_axe":1}},"DataVersion":3953}