{"stats":{"minecraft:custom":{"minecraft:mob_kills":116,"minecraft:interact_with_crafting_table":57,"minecraft:bell_ring":3,"minecraft:leave_game":9,"minecraft:time_since_death":239344,"minecraft:climb_one_cm":1211,"minecraft:sprint_one_cm":727049,"minecraft:walk_one_cm":371169,"minecraft:damage_blocked_by_shield":3432,"minecraft:drop":54,"minecraft:talked_to_villager":44,"minecraft:play_time":239344,"minecraft:sneak_time":14898,"minecraft:walk_under_water_one_cm":13298,"minecraft:boat_one_cm":352079,"minecraft:jump":4305,"minecraft:walk_on_water_one_cm":56466,"minecraft:enchant_item":8,"minecraft:total_world_time":239344,"minecraft:interact_with_furnace":119,"minecraft:traded_with_villager":108,"minecraft:sleep_in_bed":7,"minecraft:time_since_rest":6853,"minecraft:damage_taken":1964,"minecraft:damage_dealt":18194,"minecraft:swim_one_cm":55571,"minecraft:fly_one_cm":908970,"minecraft:open_chest":60,"minecraft:crouch_one_cm":50071,"minecraft:fall_one_cm":111761},"minecraft:broken":{"minecraft:shield":1},"minecraft:mined":{"minecraft:crying_obsidian":1,"minecraft:tuff":4,"minecraft:spruce_planks":9,"minecraft:white_bed":6,"minecraft:deepslate_diamond_ore":48,"minecraft:mossy_stone_brick_slab":1,"minecraft:obsidian":26,"minecraft:glow_lichen":1,"minecraft:granite":1,"minecraft:grass_block":36,"minecraft:composter":2,"minecraft:spruce_leaves":10,"minecraft:cartography_table":1,"minecraft:moss_block":1,"minecraft:smooth_stone":8,"minecraft:magma_block":10,"minecraft:spruce_sapling":1,"minecraft:carrots":13,"minecraft:furnace":14,"minecraft:iron_ore":46,"minecraft:andesite":3,"minecraft:fletching_table":1,"minecraft:gold_block":1,"minecraft:enchanting_table":1,"minecraft:potatoes":14,"minecraft:deepslate_iron_ore":32,"minecraft:stone":163,"minecraft:white_wool":6,"minecraft:deepslate_redstone_ore":6,"minecraft:oak_slab":12,"minecraft:stone_brick_slab":3,"minecraft:oak_fence":27,"minecraft:crafting_table":16,"minecraft:torch":1,"minecraft:short_grass":52,"minecraft:blast_furnace":1,"minecraft:tall_grass":12,"minecraft:copper_ore":9,"minecraft:cobblestone":20,"minecraft:lapis_ore":8,"minecraft:deepslate_gold_ore":16,"minecraft:oak_planks":9,"minecraft:sugar_cane":65,"minecraft:diorite":13,"minecraft:wall_torch":5,"minecraft:yellow_wool":6,"minecraft:sweet_berry_bush":27,"minecraft:spruce_log":78,"minecraft:yellow_bed":3,"minecraft:oak_log":14,"minecraft:coal_ore":119,"minecraft:gravel":82,"minecraft:sand":4,"minecraft:dirt":16,"minecraft:cobweb":2,"minecraft:netherrack":12,"minecraft:gold_ore":1,"minecraft:oak_leaves":5,"minecraft:deepslate":61},"minecraft:crafted":{"minecraft:oak_planks":80,"minecraft:stone_shovel":1,"minecraft:furnace":4,"minecraft:yellow_bed":2,"minecraft:bone_meal":27,"minecraft:diamond_shovel":1,"minecraft:bookshelf":5,"minecraft:cooked_mutton":20,"minecraft:flint_and_steel":1,"minecraft:diamond_helmet":1,"minecraft:diamond_leggings":1,"minecraft:iron_boots":1,"minecraft:ladder":3,"minecraft:spruce_slab":12,"minecraft:stone_pickaxe":3,"minecraft:chest":19,"minecraft:diamond_boots":1,"minecraft:spruce_boat":2,"minecraft:cooked_beef":79,"minecraft:diamond_sword":1,"minecraft:emerald":108,"minecraft:cooked_porkchop":4,"minecraft:diamond_axe":1,"minecraft:crafting_table":3,"minecraft:spruce_planks":2015,"minecraft:enchanting_table":1,"minecraft:wooden_pickaxe":1,"minecraft:iron_helmet":1,"minecraft:brown_dye":1,"minecraft:iron_sword":1,"minecraft:copper_ingot":34,"minecraft:fletching_table":4,"minecraft:bucket":1,"minecraft:stone_axe":1,"minecraft:air":0,"minecraft:oak_boat":1,"minecraft:lectern":5,"minecraft:iron_chestplate":1,"minecraft:book":17,"minecraft:paper":51,"minecraft:diamond_pickaxe":1,"minecraft:shield":2,"minecraft:stick":3428,"minecraft:iron_ingot":79,"minecraft:iron_pickaxe":1,"minecraft:iron_block":2,"minecraft:iron_leggings":1,"minecraft:gold_ingot":17,"minecraft:white_bed":5,"minecraft:diamond_chestplate":1},"minecraft:picked_up":{"minecraft:crafting_table":16,"minecraft:yellow_wool":6,"minecraft:wooden_pickaxe":1,"minecraft:gold_block":1,"minecraft:cornflower":1,"minecraft:string":8,"minecraft:raw_copper":34,"minecraft:cartography_table":1,"minecraft:smooth_stone":8,"minecraft:cobbled_deepslate":67,"minecraft:spruce_planks":27,"minecraft:beef":82,"minecraft:red_dye":1,"minecraft:oak_boat":4,"minecraft:poppy":5,"minecraft:sugar_cane":88,"minecraft:birch_sapling":12,"minecraft:furnace":14,"minecraft:stick":70,"minecraft:raw_iron":79,"minecraft:composter":2,"minecraft:oak_fence":27,"minecraft:torch":13,"minecraft:porkchop":4,"minecraft:diorite":22,"minecraft:carrot":22,"minecraft:redstone":26,"minecraft:arrow":20,"minecraft:rotten_flesh":15,"minecraft:obsidian":15,"minecraft:glow_berries":1,"minecraft:mutton":20,"minecraft:white_wool":22,"minecraft:cobblestone":189,"minecraft:oxeye_daisy":2,"minecraft:birch_log":26,"minecraft:enchanting_table":1,"minecraft:magma_block":10,"minecraft:glow_ink_sac":4,"minecraft:andesite":3,"minecraft:leather":36,"minecraft:potato":25,"minecraft:flint":13,"minecraft:tuff":1,"minecraft:oak_log":76,"minecraft:yellow_bed":3,"minecraft:gunpowder":7,"minecraft:lapis_lazuli":44,"minecraft:dirt":52,"minecraft:bone":9,"minecraft:apple":2,"minecraft:bow":2,"minecraft:wheat_seeds":19,"minecraft:raw_gold":17,"minecraft:bell":1,"minecraft:spore_blossom":1,"minecraft:iron_ingot":13,"minecraft:fletching_table":1,"minecraft:moss_block":2,"minecraft:oak_planks":11,"minecraft:oak_slab":12,"minecraft:sweet_berries":62,"minecraft:stone_brick_slab":4,"minecraft:dandelion":8,"minecraft:gravel":65,"minecraft:sand":4,"minecraft:spruce_sapling":64,"minecraft:blast_furnace":1,"minecraft:ink_sac":4,"minecraft:white_bed":6,"minecraft:spruce_log":504,"minecraft:crying_obsidian":2,"minecraft:spider_eye":4,"minecraft:slime_ball":2,"minecraft:diamond":59,"minecraft:spruce_boat":6,"minecraft:granite":1,"minecraft:oak_sapling":35,"minecraft:netherrack":12,"minecraft:coal":113,"minecraft:crimson_roots":3},"minecraft:used":{"minecraft:oak_fence":3,"minecraft:moss_block":1,"minecraft:enchanting_table":2,"minecraft:stone_shovel":11,"minecraft:ladder":2,"minecraft:chest":12,"minecraft:spruce_planks":126,"minecraft:shield":55,"minecraft:iron_sword":53,"minecraft:bell":1,"minecraft:netherrack":12,"minecraft:torch":20,"minecraft:dirt":48,"minecraft:tuff":1,"minecraft:granite":1,"minecraft:axolotl_bucket":6,"minecraft:obsidian":1,"minecraft:spruce_boat":7,"minecraft:stone_brick_slab":4,"minecraft:crimson_roots":3,"minecraft:sweet_berries":40,"minecraft:oak_sapling":2,"minecraft:furnace":18,"minecraft:cooked_beef":32,"minecraft:cobbled_deepslate":13,"minecraft:water_bucket":15,"minecraft:diorite":1,"minecraft:stone_pickaxe":137,"minecraft:oak_planks":1,"minecraft:wooden_pickaxe":11,"minecraft:fletching_table":5,"minecraft:sugar_cane":37,"minecraft:diamond_axe":143,"minecraft:crafting_table":18,"minecraft:white_bed":10,"minecraft:diamond_pickaxe":410,"minecraft:diamond_shovel":116,"minecraft:iron_pickaxe":81,"minecraft:bread":3,"minecraft:spruce_sapling":30,"minecraft:stone_axe":70,"minecraft:diamond_sword":157,"minecraft:cobblestone":129,"minecraft:cooked_porkchop":4,"minecraft:andesite":3,"minecraft:bucket":23,"minecraft:yellow_bed":5,"minecraft:oak_boat":5,"minecraft:tropical_fish_bucket":1,"minecraft:bone_meal":27},"minecraft:killed":{"minecraft:spider":7,"minecraft:slime":3,"minecraft:skeleton":19,"minecraft:piglin":3,"minecraft:pig":3,"minecraft:iron_golem":3,"minecraft:creeper":5,"minecraft:squid":1,"minecraft:sheep":13,"minecraft:zombie":16,"minecraft:cow":42},"minecraft:dropped":{"minecraft:iron_sword":1,"minecraft:wheat_seeds":5,"minecraft:diamond":11,"minecraft:iron_helmet":1,"minecraft:rail":21,"minecraft:oxeye_daisy":2,"minecraft:dirt":2,"minecraft:diorite":21,"minecraft:cornflower":1,"minecraft:iron_leggings":1,"minecraft:red_dye":1,"minecraft:iron_pickaxe":1,"minecraft:white_wool":5,"minecraft:dandelion":8,"minecraft:stone_axe":1,"minecraft:sweet_berries":22,"minecraft:brown_dye":1,"minecraft:cobbled_deepslate":54,"minecraft:birch_sapling":4,"minecraft:rotten_flesh":14,"minecraft:iron_boots":1,"minecraft:poppy":5,"minecraft:spruce_boat":1,"minecraft:spruce_planks":1,"minecraft:iron_chestplate":1,"minecraft:oak_sapling":2,"minecraft:spider_eye":4,"minecraft:bow":2,"minecraft:arrow":20,"minecraft:stone_pickaxe":1,"minecraft:crying_obsidian":1}},"DataVersion":3953}