{"stats":{"minecraft:custom":{"minecraft:mob_kills":101,"minecraft:interact_with_crafting_table":36,"minecraft:leave_game":5,"minecraft:time_since_death":136962,"minecraft:sprint_one_cm":527589,"minecraft:walk_one_cm":213024,"minecraft:damage_blocked_by_shield":3432,"minecraft:drop":46,"minecraft:play_time":136962,"minecraft:sneak_time":10440,"minecraft:walk_under_water_one_cm":9521,"minecraft:boat_one_cm":83927,"minecraft:jump":3134,"minecraft:walk_on_water_one_cm":45451,"minecraft:enchant_item":7,"minecraft:total_world_time":136962,"minecraft:interact_with_furnace":102,"minecraft:sleep_in_bed":3,"minecraft:time_since_rest":17867,"minecraft:damage_taken":1788,"minecraft:damage_dealt":13376,"minecraft:swim_one_cm":47924,"minecraft:fly_one_cm":671836,"minecraft:open_chest":15,"minecraft:crouch_one_cm":32631,"minecraft:fall_one_cm":81961},"minecraft:crafted":{"minecraft:oak_planks":56,"minecraft:stone_shovel":1,"minecraft:furnace":4,"minecraft:cooked_mutton":20,"minecraft:diamond_helmet":1,"minecraft:diamond_leggings":1,"minecraft:iron_boots":1,"minecraft:stone_pickaxe":3,"minecraft:chest":19,"minecraft:diamond_boots":1,"minecraft:spruce_boat":1,"minecraft:cooked_beef":28,"minecraft:diamond_sword":1,"minecraft:cooked_porkchop":4,"minecraft:diamond_axe":1,"minecraft:crafting_table":3,"minecraft:spruce_planks":251,"minecraft:enchanting_table":1,"minecraft:wooden_pickaxe":1,"minecraft:iron_helmet":1,"minecraft:iron_sword":1,"minecraft:copper_ingot":17,"minecraft:bucket":1,"minecraft:stone_axe":1,"minecraft:air":0,"minecraft:oak_boat":1,"minecraft:iron_chestplate":1,"minecraft:book":1,"minecraft:paper":3,"minecraft:diamond_pickaxe":1,"minecraft:shield":2,"minecraft:stick":36,"minecraft:iron_ingot":79,"minecraft:iron_pickaxe":1,"minecraft:iron_leggings":1,"minecraft:white_bed":3,"minecraft:diamond_chestplate":1},"minecraft:dropped":{"minecraft:iron_sword":1,"minecraft:wheat_seeds":3,"minecraft:diamond":11,"minecraft:iron_helmet":1,"minecraft:rail":21,"minecraft:dirt":2,"minecraft:diorite":21,"minecraft:iron_leggings":1,"minecraft:red_dye":1,"minecraft:iron_pickaxe":1,"minecraft:white_wool":5,"minecraft:stone_axe":1,"minecraft:sweet_berries":22,"minecraft:cobbled_deepslate":54,"minecraft:birch_sapling":4,"minecraft:rotten_flesh":10,"minecraft:iron_boots":1,"minecraft:spruce_boat":1,"minecraft:spruce_planks":1,"minecraft:iron_chestplate":1,"minecraft:oak_sapling":2,"minecraft:spider_eye":4,"minecraft:bow":2,"minecraft:arrow":20,"minecraft:stone_pickaxe":1,"minecraft:crying_obsidian":1},"minecraft:broken":{"minecraft:shield":1},"minecraft:killed":{"minecraft:spider":7,"minecraft:slime":3,"minecraft:skeleton":18,"minecraft:piglin":3,"minecraft:pig":3,"minecraft:creeper":4,"minecraft:sheep":13,"minecraft:zombie":9,"minecraft:cow":40},"minecraft:mined":{"minecraft:crying_obsidian":1,"minecraft:tuff":4,"minecraft:white_bed":2,"minecraft:deepslate_diamond_ore":48,"minecraft:mossy_stone_brick_slab":1,"minecraft:obsidian":26,"minecraft:glow_lichen":1,"minecraft:granite":1,"minecraft:grass_block":2,"minecraft:spruce_leaves":8,"minecraft:magma_block":10,"minecraft:furnace":14,"minecraft:iron_ore":46,"minecraft:andesite":3,"minecraft:gold_block":1,"minecraft:enchanting_table":1,"minecraft:deepslate_iron_ore":32,"minecraft:stone":161,"minecraft:deepslate_redstone_ore":6,"minecraft:stone_brick_slab":3,"minecraft:oak_fence":3,"minecraft:crafting_table":15,"minecraft:torch":1,"minecraft:short_grass":21,"minecraft:tall_grass":7,"minecraft:copper_ore":9,"minecraft:cobblestone":18,"minecraft:lapis_ore":8,"minecraft:deepslate_gold_ore":16,"minecraft:sugar_cane":13,"minecraft:diorite":13,"minecraft:wall_torch":5,"minecraft:sweet_berry_bush":27,"minecraft:spruce_log":78,"minecraft:oak_log":14,"minecraft:coal_ore":119,"minecraft:gravel":2,"minecraft:dirt":10,"minecraft:cobweb":2,"minecraft:netherrack":12,"minecraft:gold_ore":1,"minecraft:oak_leaves":5,"minecraft:deepslate":61},"minecraft:picked_up":{"minecraft:crafting_table":15,"minecraft:wooden_pickaxe":1,"minecraft:gold_block":1,"minecraft:string":8,"minecraft:raw_copper":34,"minecraft:cobbled_deepslate":67,"minecraft:spruce_planks":2,"minecraft:beef":79,"minecraft:red_dye":1,"minecraft:oak_boat":2,"minecraft:sugar_cane":22,"minecraft:birch_sapling":4,"minecraft:furnace":14,"minecraft:stick":12,"minecraft:raw_iron":79,"minecraft:oak_fence":3,"minecraft:torch":9,"minecraft:porkchop":4,"minecraft:diorite":22,"minecraft:redstone":26,"minecraft:arrow":20,"minecraft:rotten_flesh":10,"minecraft:obsidian":15,"minecraft:mutton":20,"minecraft:white_wool":16,"minecraft:cobblestone":185,"minecraft:birch_log":5,"minecraft:enchanting_table":1,"minecraft:magma_block":10,"minecraft:glow_ink_sac":1,"minecraft:andesite":3,"minecraft:leather":35,"minecraft:tuff":1,"minecraft:oak_log":20,"minecraft:gunpowder":6,"minecraft:lapis_lazuli":44,"minecraft:dirt":12,"minecraft:bone":9,"minecraft:apple":1,"minecraft:bow":2,"minecraft:wheat_seeds":15,"minecraft:raw_gold":17,"minecraft:oak_planks":2,"minecraft:sweet_berries":62,"minecraft:stone_brick_slab":4,"minecraft:spruce_sapling":10,"minecraft:white_bed":2,"minecraft:spruce_log":148,"minecraft:crying_obsidian":2,"minecraft:spider_eye":4,"minecraft:slime_ball":2,"minecraft:diamond":59,"minecraft:spruce_boat":4,"minecraft:granite":1,"minecraft:oak_sapling":6,"minecraft:netherrack":12,"minecraft:coal":113,"minecraft:crimson_roots":3},"minecraft:used":{"minecraft:oak_fence":3,"minecraft:enchanting_table":2,"minecraft:stone_shovel":5,"minecraft:chest":12,"minecraft:spruce_planks":8,"minecraft:shield":55,"minecraft:iron_sword":53,"minecraft:netherrack":12,"minecraft:torch":16,"minecraft:dirt":10,"minecraft:tuff":1,"minecraft:granite":1,"minecraft:axolotl_bucket":2,"minecraft:obsidian":1,"minecraft:spruce_boat":4,"minecraft:stone_brick_slab":4,"minecraft:crimson_roots":3,"minecraft:sweet_berries":40,"minecraft:oak_sapling":2,"minecraft:furnace":18,"minecraft:cooked_beef":24,"minecraft:cobbled_deepslate":13,"minecraft:water_bucket":14,"minecraft:diorite":1,"minecraft:stone_pickaxe":137,"minecraft:oak_planks":1,"minecraft:wooden_pickaxe":11,"minecraft:sugar_cane":19,"minecraft:diamond_axe":82,"minecraft:crafting_table":16,"minecraft:white_bed":4,"minecraft:diamond_pickaxe":395,"minecraft:bread":3,"minecraft:iron_pickaxe":81,"minecraft:spruce_sapling":9,"minecraft:stone_axe":70,"minecraft:diamond_sword":99,"minecraft:cobblestone":126,"minecraft:cooked_porkchop":4,"minecraft:andesite":3,"minecraft:bucket":17,"minecraft:oak_boat":2}},"DataVersion":3953}